full_name,email,country,political_group,national_party,id,profile_url
Kinga GÁL,kinga.gal@europarl.europa.eu,HUN,PfE,NI,28150,https://www.europarl.europa.eu/meps/en/28150
Sergio BERLATO,sergio.berlato@europarl.europa.eu,ITA,ECR,org/6831,4746,https://www.europarl.europa.eu/meps/en/4746
Ivaylo VALCHEV,ivaylo.valchev@europarl.europa.eu,BGR,ECR,org/6931,257258,https://www.europarl.europa.eu/meps/en/257258
João OLIVEIRA,joao.oliveira@europarl.europa.eu,PRT,The Left,org/6817,257083,https://www.europarl.europa.eu/meps/en/257083
Hanna GEDIN,hanna.gedin@europarl.europa.eu,SWE,The Left,org/6718,257092,https://www.europarl.europa.eu/meps/en/257092
Bogdan RZOŃCA,bogdan.rzonca@europarl.europa.eu,POL,ECR,org/6702,197545,https://www.europarl.europa.eu/meps/en/197545
Ville NIINISTÖ,ville.niinisto@europarl.europa.eu,FIN,Greens/EFA,org/6671,197802,https://www.europarl.europa.eu/meps/en/197802
Hannah NEUMANN,hannah.neumann@europarl.europa.eu,DEU,Greens/EFA,org/6773,197464,https://www.europarl.europa.eu/meps/en/197464
Matjaž NEMEC,matjaz.nemec@europarl.europa.eu,SVN,S&D,org/6721,233862,https://www.europarl.europa.eu/meps/en/233862
Younous OMARJEE,younous.omarjee@europarl.europa.eu,FRA,The Left,org/6878,30482,https://www.europarl.europa.eu/meps/en/30482
Giorgio GORI,giorgio.gori@europarl.europa.eu,ITA,S&D,org/6675,257102,https://www.europarl.europa.eu/meps/en/257102
Auke ZIJLSTRA,auke.zijlstra@europarl.europa.eu,NLD,PfE,org/6696,103246,https://www.europarl.europa.eu/meps/en/103246
Ľuboš BLAHA,lubos.blaha@europarl.europa.eu,SVK,NI,org/6723,257005,https://www.europarl.europa.eu/meps/en/257005
Valentina PALMISANO,valentina.palmisano@europarl.europa.eu,ITA,The Left,org/6674,257135,https://www.europarl.europa.eu/meps/en/257135
Şerban Dimitrie STURDZA,serban.dimitrie.sturdza@europarl.europa.eu,ROU,ECR,org/7962,257119,https://www.europarl.europa.eu/meps/en/257119
Marie DAUCHY,marie.dauchy@europarl.europa.eu,FRA,PfE,org/6848,236050,https://www.europarl.europa.eu/meps/en/236050
Christophe GOMART,christophe.gomart@europarl.europa.eu,FRA,EPP,org/6827,256919,https://www.europarl.europa.eu/meps/en/256919
Irene TINAGLI,irene.tinagli@europarl.europa.eu,ITA,S&D,org/6675,197591,https://www.europarl.europa.eu/meps/en/197591
Juan Fernando LÓPEZ AGUILAR,juanfernando.lopezaguilar@europarl.europa.eu,ESP,S&D,org/6667,96812,https://www.europarl.europa.eu/meps/en/96812
Konstantinos ARVANITIS,konstantinos.arvanitis@europarl.europa.eu,GRC,The Left,org/6731,197701,https://www.europarl.europa.eu/meps/en/197701
Mary KHAN,mary.khan@europarl.europa.eu,DEU,ESN,org/6802,256957,https://www.europarl.europa.eu/meps/en/256957
Kris VAN DIJCK,kris.vandijck@europarl.europa.eu,BEL,ECR,org/6754,256884,https://www.europarl.europa.eu/meps/en/256884
Martin HÄUSLING,martin.haeusling@europarl.europa.eu,DEU,Greens/EFA,org/6773,96752,https://www.europarl.europa.eu/meps/en/96752
Ana VASCONCELOS,ana.vasconcelos@europarl.europa.eu,PRT,Renew,org/6641,257061,https://www.europarl.europa.eu/meps/en/257061
Barry COWEN,barry.cowen@europarl.europa.eu,IRL,Renew,org/6741,257297,https://www.europarl.europa.eu/meps/en/257297
Petra STEGER,petra.steger@europarl.europa.eu,AUT,PfE,org/6747,220897,https://www.europarl.europa.eu/meps/en/220897
Alexandra MEHNERT,alexandra.mehnert@europarl.europa.eu,DEU,EPP,org/6771,256980,https://www.europarl.europa.eu/meps/en/256980
Christophe BAY,christophe.bay@europarl.europa.eu,FRA,PfE,org/6848,261797,https://www.europarl.europa.eu/meps/en/261797
Maria WALSH,maria.walsh@europarl.europa.eu,IRL,EPP,org/6742,197863,https://www.europarl.europa.eu/meps/en/197863
Inese VAIDERE,inese.vaidere@europarl.europa.eu,LVA,EPP,org/6649,28617,https://www.europarl.europa.eu/meps/en/28617
Vangelis MEIMARAKIS,evangelos.meimarakis@europarl.europa.eu,GRC,EPP,org/6730,197662,https://www.europarl.europa.eu/meps/en/197662
René REPASI,rene.repasi@europarl.europa.eu,DEU,S&D,org/6772,229839,https://www.europarl.europa.eu/meps/en/229839
Raquel GARCÍA HERMIDA-VAN DER WALLE,raquel.garciahermida-vanderwalle@europarl.europa.eu,NLD,Renew,org/6693,256970,https://www.europarl.europa.eu/meps/en/256970
Dominik TARCZYŃSKI,dominik.tarczynski@europarl.europa.eu,POL,ECR,org/6702,204346,https://www.europarl.europa.eu/meps/en/204346
Salvatore DE MEO,salvatore.demeo@europarl.europa.eu,ITA,EPP,org/6744,204333,https://www.europarl.europa.eu/meps/en/204333
Sabine VERHEYEN,sabine.verheyen@europarl.europa.eu,DEU,EPP,org/6771,96756,https://www.europarl.europa.eu/meps/en/96756
Cristina GUARDA,cristina.guarda@europarl.europa.eu,ITA,Greens/EFA,org/6896,257130,https://www.europarl.europa.eu/meps/en/257130
Elena KOUNTOURA,elena.kountoura@europarl.europa.eu,GRC,The Left,org/6731,197699,https://www.europarl.europa.eu/meps/en/197699
Christophe CLERGEAU,christophe.clergeau@europarl.europa.eu,FRA,S&D,org/6728,245018,https://www.europarl.europa.eu/meps/en/245018
Lara MAGONI,lara.magoni@europarl.europa.eu,ITA,ECR,org/6831,257149,https://www.europarl.europa.eu/meps/en/257149
Nikolas FARANTOURIS,nikolaos.farantouris@europarl.europa.eu,GRC,The Left,org/6731,256823,https://www.europarl.europa.eu/meps/en/256823
Isilda GOMES,isilda.gomes@europarl.europa.eu,PRT,S&D,org/6706,257075,https://www.europarl.europa.eu/meps/en/257075
Axel VOSS,axel.voss@europarl.europa.eu,DEU,EPP,org/6771,96761,https://www.europarl.europa.eu/meps/en/96761
Sigrid FRIIS,sigrid.friis@europarl.europa.eu,DNK,Renew,org/6778,257038,https://www.europarl.europa.eu/meps/en/257038
Siegbert Frank DROESE,siegbert.droese@europarl.europa.eu,DEU,ESN,org/6802,256949,https://www.europarl.europa.eu/meps/en/256949
Giuseppe ANTOCI,giuseppe.antoci@europarl.europa.eu,ITA,The Left,org/6674,257138,https://www.europarl.europa.eu/meps/en/257138
Liesbet SOMMEN,liesbet.sommen@europarl.europa.eu,BEL,EPP,org/6755,256889,https://www.europarl.europa.eu/meps/en/256889
Cecilia STRADA,cecilia.strada@europarl.europa.eu,ITA,S&D,org/6675,257101,https://www.europarl.europa.eu/meps/en/257101
Elena DONAZZAN,elena.donazzan@europarl.europa.eu,ITA,ECR,org/6831,257095,https://www.europarl.europa.eu/meps/en/257095
Katrin LANGENSIEPEN,katrin.langensiepen@europarl.europa.eu,DEU,Greens/EFA,org/6773,197461,https://www.europarl.europa.eu/meps/en/197461
Monika HOHLMEIER,monika.hohlmeier@europarl.europa.eu,DEU,EPP,org/6776,96780,https://www.europarl.europa.eu/meps/en/96780
Ioan-Rareş BOGDAN,ioan-rares.bogdan@europarl.europa.eu,ROU,EPP,org/6709,197636,https://www.europarl.europa.eu/meps/en/197636
Sakis ARNAOUTOGLOU,sakis.arnaoutoglou@europarl.europa.eu,GRC,S&D,org/6876,256829,https://www.europarl.europa.eu/meps/en/256829
Péter MAGYAR,peter.magyar@europarl.europa.eu,HUN,EPP,org/6847,256868,https://www.europarl.europa.eu/meps/en/256868
Lukas MANDL,lukas.mandl@europarl.europa.eu,AUT,EPP,org/6745,190713,https://www.europarl.europa.eu/meps/en/190713
Jussi SARAMO,jussi.saramo@europarl.europa.eu,FIN,The Left,org/6795,127766,https://www.europarl.europa.eu/meps/en/127766
Sara MATTHIEU,sara.matthieu@europarl.europa.eu,BEL,Greens/EFA,org/6750,208722,https://www.europarl.europa.eu/meps/en/208722
Pär HOLMGREN,par.holmgren@europarl.europa.eu,SWE,Greens/EFA,org/6717,197398,https://www.europarl.europa.eu/meps/en/197398
Michael VON DER SCHULENBURG,michael.vonderschulenburg@europarl.europa.eu,DEU,NI,org/6850,256966,https://www.europarl.europa.eu/meps/en/256966
Raffaele TOPO,raffaele.topo@europarl.europa.eu,ITA,S&D,org/6675,257148,https://www.europarl.europa.eu/meps/en/257148
Bogdan Andrzej ZDROJEWSKI,bogdan.zdrojewski@europarl.europa.eu,POL,EPP,org/7979,124893,https://www.europarl.europa.eu/meps/en/124893
Claire FITA,claire.fita@europarl.europa.eu,FRA,S&D,org/6728,256906,https://www.europarl.europa.eu/meps/en/256906
Elsi KATAINEN,elsi.katainen@europarl.europa.eu,FIN,Renew,org/6725,191693,https://www.europarl.europa.eu/meps/en/191693
Karin KARLSBRO,karin.karlsbro@europarl.europa.eu,SWE,Renew,org/6715,197401,https://www.europarl.europa.eu/meps/en/197401
Asger CHRISTENSEN,asger.christensen@europarl.europa.eu,DNK,Renew,org/6663,197558,https://www.europarl.europa.eu/meps/en/197558
Lucia ANNUNZIATA,lucia.annunziata@europarl.europa.eu,ITA,S&D,org/6675,257123,https://www.europarl.europa.eu/meps/en/257123
Bernard GUETTA,bernard.guetta@europarl.europa.eu,FRA,Renew,org/7023,197543,https://www.europarl.europa.eu/meps/en/197543
Annamária VICSEK,annamaria.vicsek@europarl.europa.eu,HUN,PfE,NI,256859,https://www.europarl.europa.eu/meps/en/256859
Daniel FREUND,daniel.freund@europarl.europa.eu,DEU,Greens/EFA,org/6773,106936,https://www.europarl.europa.eu/meps/en/106936
Marko VEŠLIGAJ,marko.vesligaj@europarl.europa.eu,HRV,S&D,org/6735,260035,https://www.europarl.europa.eu/meps/en/260035
Victor NEGRESCU,victor.negrescu@europarl.europa.eu,ROU,S&D,org/6708,88882,https://www.europarl.europa.eu/meps/en/88882
Maria OHISALO,maria.ohisalo@europarl.europa.eu,FIN,Greens/EFA,org/6671,198076,https://www.europarl.europa.eu/meps/en/198076
Anna ZALEWSKA,anna.zalewska@europarl.europa.eu,POL,ECR,org/6702,197572,https://www.europarl.europa.eu/meps/en/197572
Romana JERKOVIĆ,romana.jerkovic@europarl.europa.eu,HRV,S&D,org/6735,112747,https://www.europarl.europa.eu/meps/en/112747
Marlena MALĄG,marlena.malag@europarl.europa.eu,POL,ECR,org/6702,257077,https://www.europarl.europa.eu/meps/en/257077
Thijs REUTEN,thijs.reuten@europarl.europa.eu,NLD,S&D,org/7952,218347,https://www.europarl.europa.eu/meps/en/218347
Joachim STREIT,joachim.streit@europarl.europa.eu,DEU,Renew,org/6807,256962,https://www.europarl.europa.eu/meps/en/256962
Niels Flemming HANSEN,niels.hansen@europarl.europa.eu,DNK,EPP,org/6779,257033,https://www.europarl.europa.eu/meps/en/257033
César LUENA,cesar.luena@europarl.europa.eu,ESP,S&D,org/6667,197721,https://www.europarl.europa.eu/meps/en/197721
Catarina MARTINS,catarina.martins@europarl.europa.eu,PRT,The Left,org/6707,257063,https://www.europarl.europa.eu/meps/en/257063
Branislav ONDRUŠ,branislav.ondrus@europarl.europa.eu,SVK,NI,org/7010,257018,https://www.europarl.europa.eu/meps/en/257018
Marco TARQUINIO,marco.tarquinio@europarl.europa.eu,ITA,S&D,org/6675,257160,https://www.europarl.europa.eu/meps/en/257160
Bruno TOBBACK,bruno.tobback@europarl.europa.eu,BEL,S&D,org/6912,256885,https://www.europarl.europa.eu/meps/en/256885
Erik KALIŇÁK,erik.kalinak@europarl.europa.eu,SVK,NI,org/6723,257007,https://www.europarl.europa.eu/meps/en/257007
Ľubica KARVAŠOVÁ,lubica.karvasova@europarl.europa.eu,SVK,Renew,org/6874,257013,https://www.europarl.europa.eu/meps/en/257013
Eleonora MELETI,eleonora.meleti@europarl.europa.eu,GRC,EPP,org/6730,256943,https://www.europarl.europa.eu/meps/en/256943
Petr BYSTRON,petr.bystron@europarl.europa.eu,DEU,ESN,org/6802,256928,https://www.europarl.europa.eu/meps/en/256928
Reinier VAN LANSCHOT,reinier.vanlanschot@europarl.europa.eu,NLD,Greens/EFA,org/6638,256978,https://www.europarl.europa.eu/meps/en/256978
Séverine WERBROUCK,severine.werbrouck@europarl.europa.eu,FRA,PfE,org/6848,261796,https://www.europarl.europa.eu/meps/en/261796
Matthieu VALET,matthieu.valet@europarl.europa.eu,FRA,PfE,org/6848,256875,https://www.europarl.europa.eu/meps/en/256875
Markus BUCHHEIT,markus.buchheit@europarl.europa.eu,DEU,ESN,org/6802,128483,https://www.europarl.europa.eu/meps/en/128483
Gabriele BISCHOFF,gabriele.bischoff@europarl.europa.eu,DEU,S&D,org/6772,197435,https://www.europarl.europa.eu/meps/en/197435
Laura BALLARÍN CEREZA,laura.ballarincereza@europarl.europa.eu,ESP,S&D,org/6667,247735,https://www.europarl.europa.eu/meps/en/247735
Beatrice TIMGREN,beatrice.timgren@europarl.europa.eu,SWE,ECR,org/6810,257090,https://www.europarl.europa.eu/meps/en/257090
Nicola PROCACCINI,nicola.procaccini@europarl.europa.eu,ITA,ECR,org/6831,197820,https://www.europarl.europa.eu/meps/en/197820
Andi CRISTEA,andi.cristea@europarl.europa.eu,ROU,S&D,org/6708,40224,https://www.europarl.europa.eu/meps/en/40224
Philippe OLIVIER,philippe.olivier@europarl.europa.eu,FRA,PfE,org/6848,197687,https://www.europarl.europa.eu/meps/en/197687
Sebastiaan STÖTELER,sebastiaan.stoteler@europarl.europa.eu,NLD,,,256991,https://www.europarl.europa.eu/meps/en/256991
Esteban GONZÁLEZ PONS,esteban.gonzalezpons@europarl.europa.eu,ESP,EPP,org/6666,125027,https://www.europarl.europa.eu/meps/en/125027
Ana Miguel PEDRO,anamiguel.pedro@europarl.europa.eu,PRT,EPP,org/6879,110673,https://www.europarl.europa.eu/meps/en/110673
Mélissa CAMARA,melissa.camara@europarl.europa.eu,FRA,Greens/EFA,org/6953,256915,https://www.europarl.europa.eu/meps/en/256915
Ştefan MUŞOIU,stefan.musoiu@europarl.europa.eu,ROU,S&D,org/6708,257103,https://www.europarl.europa.eu/meps/en/257103
Maria GRAPINI,maria.grapini@europarl.europa.eu,ROU,S&D,org/6906,124785,https://www.europarl.europa.eu/meps/en/124785
Thomas PELLERIN-CARLIN,thomas.pellerin-carlin@europarl.europa.eu,FRA,S&D,org/6785,256903,https://www.europarl.europa.eu/meps/en/256903
Jadwiga WIŚNIEWSKA,jadwiga.wisniewska@europarl.europa.eu,POL,ECR,org/6702,124877,https://www.europarl.europa.eu/meps/en/124877
Urmas PAET,urmas.paet@europarl.europa.eu,EST,Renew,org/6664,129073,https://www.europarl.europa.eu/meps/en/129073
Mirosława NYKIEL,miroslawa.nykiel@europarl.europa.eu,POL,EPP,org/6703,257049,https://www.europarl.europa.eu/meps/en/257049
Cristian TERHEŞ,cristian.terhes@europarl.europa.eu,ROU,ECR,org/6914,197655,https://www.europarl.europa.eu/meps/en/197655
Damian BOESELAGER,damian.boeselager@europarl.europa.eu,DEU,Greens/EFA,org/6859,197439,https://www.europarl.europa.eu/meps/en/197439
Rasa JUKNEVIČIENĖ,rasa.jukneviciene@europarl.europa.eu,LTU,EPP,org/6678,197840,https://www.europarl.europa.eu/meps/en/197840
Fulvio MARTUSCIELLO,fulvio.martusciello@europarl.europa.eu,ITA,EPP,org/6744,124828,https://www.europarl.europa.eu/meps/en/124828
Marcin SYPNIEWSKI,marcin.sypniewski@europarl.europa.eu,POL,ESN,org/6856,257070,https://www.europarl.europa.eu/meps/en/257070
Elio DI RUPO,elio.dirupo@europarl.europa.eu,BEL,S&D,org/6758,1294,https://www.europarl.europa.eu/meps/en/1294
Marc ANGEL,marc.angel@europarl.europa.eu,LUX,S&D,org/6681,202073,https://www.europarl.europa.eu/meps/en/202073
Elena SANCHO MURILLO,elena.sanchomurillo@europarl.europa.eu,ESP,S&D,org/6667,257001,https://www.europarl.europa.eu/meps/en/257001
Antonín STANĚK,antonin.stanek@europarl.europa.eu,CZE,PfE,org/7033,272024,https://www.europarl.europa.eu/meps/en/272024
Tomas TOBÉ,tomas.tobe@europarl.europa.eu,SWE,EPP,org/6713,197402,https://www.europarl.europa.eu/meps/en/197402
Matthias ECKE,matthias.ecke@europarl.europa.eu,DEU,S&D,org/6772,237465,https://www.europarl.europa.eu/meps/en/237465
Sergey LAGODINSKY,sergey.lagodinsky@europarl.europa.eu,DEU,Greens/EFA,org/6773,197460,https://www.europarl.europa.eu/meps/en/197460
Veronika VRECIONOVÁ,veronika.vrecionova@europarl.europa.eu,CZE,ECR,org/6768,197552,https://www.europarl.europa.eu/meps/en/197552
Ivars IJABS,ivars.ijabs@europarl.europa.eu,LVA,Renew,org/6791,197624,https://www.europarl.europa.eu/meps/en/197624
Rosa SERRANO SIERRA,rosa.serranosierra@europarl.europa.eu,ESP,S&D,org/6667,256999,https://www.europarl.europa.eu/meps/en/256999
Hélder SOUSA SILVA,helder.sousasilva@europarl.europa.eu,PRT,EPP,org/6705,257068,https://www.europarl.europa.eu/meps/en/257068
Maria NOICHL,maria.noichl@europarl.europa.eu,DEU,S&D,org/6772,124836,https://www.europarl.europa.eu/meps/en/124836
Michał SZCZERBA,michal.szczerba@europarl.europa.eu,POL,EPP,org/6703,257026,https://www.europarl.europa.eu/meps/en/257026
Claudiu-Richard TÂRZIU,claudiu-richard.tarziu@europarl.europa.eu,ROU,ECR,org/7962,257114,https://www.europarl.europa.eu/meps/en/257114
Andrzej HALICKI,andrzej.halicki@europarl.europa.eu,POL,EPP,org/6703,197514,https://www.europarl.europa.eu/meps/en/197514
Kristoffer STORM,kristoffer.storm@europarl.europa.eu,DNK,ECR,org/6637,257025,https://www.europarl.europa.eu/meps/en/257025
Isabel BENJUMEA BENJUMEA,isabel.benjumea@europarl.europa.eu,ESP,EPP,org/6666,197679,https://www.europarl.europa.eu/meps/en/197679
Oihane AGIRREGOITIA MARTÍNEZ,oihane.agirregoitiamartinez@europarl.europa.eu,ESP,Renew,org/6820,256987,https://www.europarl.europa.eu/meps/en/256987
Sophia KIRCHER,sophia.kircher@europarl.europa.eu,AUT,EPP,org/6745,256831,https://www.europarl.europa.eu/meps/en/256831
Grzegorz BRAUN,grzegorz.braun@europarl.europa.eu,POL,NI,org/7029,257067,https://www.europarl.europa.eu/meps/en/257067
Emmanouil KEFALOGIANNIS,emmanouil.kefalogiannis@europarl.europa.eu,GRC,EPP,org/6730,125068,https://www.europarl.europa.eu/meps/en/125068
Caterina CHINNICI,caterina.chinnici@europarl.europa.eu,ITA,EPP,org/6744,124861,https://www.europarl.europa.eu/meps/en/124861
Bart GROOTHUIS,bart.groothuis@europarl.europa.eu,NLD,Renew,org/6691,197780,https://www.europarl.europa.eu/meps/en/197780
François KALFON,francois.kalfon@europarl.europa.eu,FRA,S&D,org/6728,256908,https://www.europarl.europa.eu/meps/en/256908
André FRANQUEIRA RODRIGUES,andre.franqueirarodrigues@europarl.europa.eu,PRT,S&D,org/6706,257066,https://www.europarl.europa.eu/meps/en/257066
Francesco TORSELLI,francesco.torselli@europarl.europa.eu,ITA,ECR,org/6831,257163,https://www.europarl.europa.eu/meps/en/257163
Sander SMIT,sander.smit@europarl.europa.eu,NLD,EPP,org/6851,125325,https://www.europarl.europa.eu/meps/en/125325
Marieke EHLERS,marieke.ehlers@europarl.europa.eu,NLD,PfE,org/6696,192254,https://www.europarl.europa.eu/meps/en/192254
Paolo INSELVINI,paolo.inselvini@europarl.europa.eu,ITA,ECR,org/6831,257144,https://www.europarl.europa.eu/meps/en/257144
Daniel ATTARD,daniel.attard@europarl.europa.eu,MLT,S&D,org/6689,256934,https://www.europarl.europa.eu/meps/en/256934
Stephen Nikola BARTULICA,stephennikola.bartulica@europarl.europa.eu,HRV,ECR,org/7872,257000,https://www.europarl.europa.eu/meps/en/257000
Marc JONGEN,marc.jongen@europarl.europa.eu,DEU,ESN,org/6802,256942,https://www.europarl.europa.eu/meps/en/256942
Alice TEODORESCU MÅWE,alice.teodorescumawe@europarl.europa.eu,SWE,EPP,org/6714,257089,https://www.europarl.europa.eu/meps/en/257089
Jens GEIER,jens.geier@europarl.europa.eu,DEU,S&D,org/6772,96833,https://www.europarl.europa.eu/meps/en/96833
Marina MESURE,marina.mesure@europarl.europa.eu,FRA,The Left,org/6878,236053,https://www.europarl.europa.eu/meps/en/236053
Céline IMART,celine.imart@europarl.europa.eu,FRA,EPP,org/6827,256918,https://www.europarl.europa.eu/meps/en/256918
Georg MAYER,georg.mayer@europarl.europa.eu,AUT,PfE,org/6747,38511,https://www.europarl.europa.eu/meps/en/38511
Susana SOLÍS PÉREZ,susana.solisperez@europarl.europa.eu,ESP,EPP,org/6666,197784,https://www.europarl.europa.eu/meps/en/197784
Javier MORENO SÁNCHEZ,javier.morenosanchez@europarl.europa.eu,ESP,S&D,org/6667,28347,https://www.europarl.europa.eu/meps/en/28347
Ralf SEEKATZ,ralf.seekatz@europarl.europa.eu,DEU,EPP,org/6771,197425,https://www.europarl.europa.eu/meps/en/197425
João COTRIM DE FIGUEIREDO,joao.cotrim@europarl.europa.eu,PRT,Renew,org/6641,257057,https://www.europarl.europa.eu/meps/en/257057
Benedetta SCUDERI,benedetta.scuderi@europarl.europa.eu,ITA,Greens/EFA,org/6896,257139,https://www.europarl.europa.eu/meps/en/257139
Barry ANDREWS,barry.andrews@europarl.europa.eu,IRL,Renew,org/6741,204332,https://www.europarl.europa.eu/meps/en/204332
Stanislav STOYANOV,stanislav.stoyanov@europarl.europa.eu,BGR,ESN,org/6648,257255,https://www.europarl.europa.eu/meps/en/257255
Markéta GREGOROVÁ,marketa.gregorova@europarl.europa.eu,CZE,Greens/EFA,org/6862,197549,https://www.europarl.europa.eu/meps/en/197549
Bruno GONÇALVES,bruno.goncalves@europarl.europa.eu,PRT,S&D,org/6706,257059,https://www.europarl.europa.eu/meps/en/257059
Waldemar BUDA,waldemar.buda@europarl.europa.eu,POL,ECR,org/6702,99878,https://www.europarl.europa.eu/meps/en/99878
Bert-Jan RUISSEN,bert-jan.ruissen@europarl.europa.eu,NLD,ECR,org/6699,197773,https://www.europarl.europa.eu/meps/en/197773
Reinis POZŅAKS,reinis.poznaks@europarl.europa.eu,LVA,ECR,org/6655,256907,https://www.europarl.europa.eu/meps/en/256907
Juan Ignacio ZOIDO ÁLVAREZ,juanignacio.zoidoalvarez@europarl.europa.eu,ESP,EPP,org/6666,197621,https://www.europarl.europa.eu/meps/en/197621
Nikolina BRNJAC,nikolina.brnjac@europarl.europa.eu,HRV,EPP,org/6734,204129,https://www.europarl.europa.eu/meps/en/204129
Sunčana GLAVAK,suncana.glavak@europarl.europa.eu,HRV,EPP,org/6734,202036,https://www.europarl.europa.eu/meps/en/202036
Christine ANDERSON,christine.anderson@europarl.europa.eu,DEU,ESN,org/6802,197475,https://www.europarl.europa.eu/meps/en/197475
Virginijus SINKEVIČIUS,virginijus.sinkevicius@europarl.europa.eu,LTU,Greens/EFA,org/6656,201945,https://www.europarl.europa.eu/meps/en/201945
Ana Catarina MENDES,anacatarina.mendes@europarl.europa.eu,PRT,S&D,org/6706,257053,https://www.europarl.europa.eu/meps/en/257053
Jana TOOM,jana.toom@europarl.europa.eu,EST,Renew,org/6792,124700,https://www.europarl.europa.eu/meps/en/124700
Eero HEINÄLUOMA,eero.heinaluoma@europarl.europa.eu,FIN,S&D,org/6672,197800,https://www.europarl.europa.eu/meps/en/197800
Nikola BARTŮŠEK,nikola.bartusek@europarl.europa.eu,CZE,NI,org/7033,256852,https://www.europarl.europa.eu/meps/en/256852
António TÂNGER CORRÊA,antonio.tangercorrea@europarl.europa.eu,PRT,PfE,org/6927,257050,https://www.europarl.europa.eu/meps/en/257050
Mihai TUDOSE,mihai.tudose@europarl.europa.eu,ROU,S&D,org/6708,198183,https://www.europarl.europa.eu/meps/en/198183
Elisabetta GUALMINI,elisabetta.gualmini@europarl.europa.eu,ITA,S&D,org/6675,197618,https://www.europarl.europa.eu/meps/en/197618
Mario FURORE,mario.furore@europarl.europa.eu,ITA,The Left,org/6674,197795,https://www.europarl.europa.eu/meps/en/197795
Sebastião BUGALHO,sebastiao.bugalho@europarl.europa.eu,PRT,EPP,org/6705,257081,https://www.europarl.europa.eu/meps/en/257081
Stefan BERGER,stefan.berger@europarl.europa.eu,DEU,EPP,org/6771,197410,https://www.europarl.europa.eu/meps/en/197410
Isabelle LE CALLENNEC,isabelle.lecallennec@europarl.europa.eu,FRA,EPP,org/6827,256920,https://www.europarl.europa.eu/meps/en/256920
Tiago MOREIRA DE SÁ,tiago.damotaveigamoreiradesa@europarl.europa.eu,PRT,PfE,org/6927,257054,https://www.europarl.europa.eu/meps/en/257054
Michał DWORCZYK,michal.dworczyk@europarl.europa.eu,POL,ECR,org/6702,257076,https://www.europarl.europa.eu/meps/en/257076
Tom VANDENDRIESSCHE,tom.vandendriessche@europarl.europa.eu,BEL,PfE,org/6751,185771,https://www.europarl.europa.eu/meps/en/185771
Majdouline SBAI,majdouline.sbai@europarl.europa.eu,FRA,Greens/EFA,org/6953,256917,https://www.europarl.europa.eu/meps/en/256917
Iratxe GARCÍA PÉREZ,iratxe.garcia-perez@europarl.europa.eu,ESP,S&D,org/6667,28298,https://www.europarl.europa.eu/meps/en/28298
Carlo CICCIOLI,carlo.ciccioli@europarl.europa.eu,ITA,ECR,org/6831,257093,https://www.europarl.europa.eu/meps/en/257093
Csaba MOLNÁR,csaba.molnar@europarl.europa.eu,HUN,S&D,org/6724,124722,https://www.europarl.europa.eu/meps/en/124722
Nina CARBERRY,nina.carberry@europarl.europa.eu,IRL,EPP,org/6742,257296,https://www.europarl.europa.eu/meps/en/257296
Maria ZACHARIA,maria.zacharia@europarl.europa.eu,GRC,NI,org/7012,256955,https://www.europarl.europa.eu/meps/en/256955
Ondřej KRUTÍLEK,ondrej.krutilek@europarl.europa.eu,CZE,ECR,org/6768,256845,https://www.europarl.europa.eu/meps/en/256845
Adnan DIBRANI,adnan.dibrani@europarl.europa.eu,SWE,S&D,org/6712,257087,https://www.europarl.europa.eu/meps/en/257087
Klara DOSTALOVA,klara.dostalova@europarl.europa.eu,CZE,PfE,org/6794,256853,https://www.europarl.europa.eu/meps/en/256853
Kim VAN SPARRENTAK,kim.vansparrentak@europarl.europa.eu,NLD,Greens/EFA,org/7952,197870,https://www.europarl.europa.eu/meps/en/197870
Denis NESCI,denis.nesci@europarl.europa.eu,ITA,ECR,org/6831,239260,https://www.europarl.europa.eu/meps/en/239260
Lukas SIEPER,lukas.sieper@europarl.europa.eu,DEU,NI,org/7026,256971,https://www.europarl.europa.eu/meps/en/256971
Giorgos GEORGIOU,giorgos.georgiou@europarl.europa.eu,CYP,The Left,org/6765,197416,https://www.europarl.europa.eu/meps/en/197416
Carlo FIDANZA,carlo.fidanza@europarl.europa.eu,ITA,ECR,org/6831,96810,https://www.europarl.europa.eu/meps/en/96810
Kostas PAPADAKIS,kostas.papadakis@europarl.europa.eu,GRC,NI,org/6733,125093,https://www.europarl.europa.eu/meps/en/125093
Ernő SCHALLER-BAROSS,erno.schaller-baross@europarl.europa.eu,HUN,PfE,NI,213330,https://www.europarl.europa.eu/meps/en/213330
Dirk GOTINK,dirk.gotink@europarl.europa.eu,NLD,EPP,org/6639,97399,https://www.europarl.europa.eu/meps/en/97399
Jean-Paul GARRAUD,jean-paul.garraud@europarl.europa.eu,FRA,PfE,org/6848,197628,https://www.europarl.europa.eu/meps/en/197628
Hermann TERTSCH,hermann.tertsch@europarl.europa.eu,ESP,PfE,org/6871,197831,https://www.europarl.europa.eu/meps/en/197831
Janusz LEWANDOWSKI,janusz.lewandowski@europarl.europa.eu,POL,EPP,org/6703,23781,https://www.europarl.europa.eu/meps/en/23781
Dan NICA,dan.nica@europarl.europa.eu,ROU,S&D,org/5320,124784,https://www.europarl.europa.eu/meps/en/124784
Vytenis Povilas ANDRIUKAITIS,vytenis.andriukaitis@europarl.europa.eu,LTU,S&D,org/6797,119652,https://www.europarl.europa.eu/meps/en/119652
Rosa ESTARÀS FERRAGUT,rosa.estaras@europarl.europa.eu,ESP,EPP,org/6666,96811,https://www.europarl.europa.eu/meps/en/96811
Alex AGIUS SALIBA,alex.agiussaliba@europarl.europa.eu,MLT,S&D,org/6689,197403,https://www.europarl.europa.eu/meps/en/197403
Alvise PÉREZ,luisalvise.perezfernandez@europarl.europa.eu,ESP,NI,org/7009,257019,https://www.europarl.europa.eu/meps/en/257019
Niels FUGLSANG,niels.fuglsang@europarl.europa.eu,DNK,S&D,org/6777,101585,https://www.europarl.europa.eu/meps/en/101585
Engin EROGLU,engin.eroglu@europarl.europa.eu,DEU,Renew,org/6807,197430,https://www.europarl.europa.eu/meps/en/197430
Sebastian KRUIS,sebastian.kruis@europarl.europa.eu,NLD,PfE,org/6696,256996,https://www.europarl.europa.eu/meps/en/256996
Gabriella GERZSENYI,gabriella.gerzsenyi@europarl.europa.eu,HUN,EPP,org/6847,256866,https://www.europarl.europa.eu/meps/en/256866
Markus FERBER,markus.ferber@europarl.europa.eu,DEU,EPP,org/6776,1917,https://www.europarl.europa.eu/meps/en/1917
Matteo RICCI,matteo.ricci@europarl.europa.eu,ITA,S&D,org/6675,257121,https://www.europarl.europa.eu/meps/en/257121
Ton DIEPEVEEN,ton.diepeveen@europarl.europa.eu,NLD,PfE,org/6696,256981,https://www.europarl.europa.eu/meps/en/256981
Marco SQUARTA,marco.squarta@europarl.europa.eu,ITA,ECR,org/6831,257109,https://www.europarl.europa.eu/meps/en/257109
Stine BOSSE,stine.bosse@europarl.europa.eu,DNK,Renew,org/6948,257020,https://www.europarl.europa.eu/meps/en/257020
Isabella LÖVIN,isabella.lovin@europarl.europa.eu,SWE,Greens/EFA,org/6717,96675,https://www.europarl.europa.eu/meps/en/96675
Sandro GOZI,sandro.gozi@europarl.europa.eu,ITA,Renew,org/6821,204419,https://www.europarl.europa.eu/meps/en/204419
Jaroslav BŽOCH,jaroslav.bzoch@europarl.europa.eu,CZE,PfE,org/6794,220840,https://www.europarl.europa.eu/meps/en/220840
Marjan ŠAREC,marjan.sarec@europarl.europa.eu,SVN,Renew,org/6909,256815,https://www.europarl.europa.eu/meps/en/256815
Valérie DELOGE,valerie.deloge@europarl.europa.eu,FRA,PfE,org/6848,256886,https://www.europarl.europa.eu/meps/en/256886
Michał WAWRYKIEWICZ,michal.wawrykiewicz@europarl.europa.eu,POL,EPP,org/6836,257045,https://www.europarl.europa.eu/meps/en/257045
Stefano BONACCINI,stefano.bonaccini@europarl.europa.eu,ITA,S&D,org/6675,257108,https://www.europarl.europa.eu/meps/en/257108
Eva MAYDELL,eva.maydell@europarl.europa.eu,BGR,EPP,org/6761,98341,https://www.europarl.europa.eu/meps/en/98341
Hristo PETROV,hristo.petrov@europarl.europa.eu,BGR,Renew,org/6932,257257,https://www.europarl.europa.eu/meps/en/257257
Ana MIRANDA PAZ,ana.miranda@europarl.europa.eu,ESP,Greens/EFA,org/6844,24942,https://www.europarl.europa.eu/meps/en/24942
Tamás DEUTSCH,tamas.deutsch@europarl.europa.eu,HUN,PfE,NI,96826,https://www.europarl.europa.eu/meps/en/96826
Krzysztof HETMAN,krzysztof.hetman@europarl.europa.eu,POL,EPP,org/6704,124895,https://www.europarl.europa.eu/meps/en/124895
Pietro FIOCCHI,pietro.fiocchi@europarl.europa.eu,ITA,ECR,org/6831,197607,https://www.europarl.europa.eu/meps/en/197607
Nora MEBAREK,nora.mebarek@europarl.europa.eu,FRA,S&D,org/6728,204418,https://www.europarl.europa.eu/meps/en/204418
Mireia BORRÁS PABÓN,mireia.borras@europarl.europa.eu,ESP,PfE,org/6871,257024,https://www.europarl.europa.eu/meps/en/257024
Pierre-Romain THIONNET,pierre-romain.thionnet@europarl.europa.eu,FRA,PfE,org/6848,200345,https://www.europarl.europa.eu/meps/en/200345
Jessica POLFJÄRD,jessica.polfjard@europarl.europa.eu,SWE,EPP,org/6713,197404,https://www.europarl.europa.eu/meps/en/197404
Javier ZARZALEJOS,javier.zarzalejos@europarl.europa.eu,ESP,EPP,org/6666,197606,https://www.europarl.europa.eu/meps/en/197606
Katri KULMUNI,katri.kulmuni@europarl.europa.eu,FIN,Renew,org/6725,198084,https://www.europarl.europa.eu/meps/en/198084
Petar VOLGIN,petar.volgin@europarl.europa.eu,BGR,ESN,org/6648,257260,https://www.europarl.europa.eu/meps/en/257260
Martin SONNEBORN,martin.sonneborn@europarl.europa.eu,DEU,NI,org/6803,124834,https://www.europarl.europa.eu/meps/en/124834
Jaroslava POKORNÁ JERMANOVÁ,jaroslava.pokornajermanova@europarl.europa.eu,CZE,PfE,org/6794,256844,https://www.europarl.europa.eu/meps/en/256844
Adam JARUBAS,adam.jarubas@europarl.europa.eu,POL,EPP,org/6704,197517,https://www.europarl.europa.eu/meps/en/197517
Anna STÜRGKH,anna.sturgkh@europarl.europa.eu,AUT,Renew,org/6749,256839,https://www.europarl.europa.eu/meps/en/256839
Danuše NERUDOVÁ,danuse.nerudova@europarl.europa.eu,CZE,EPP,org/6835,256847,https://www.europarl.europa.eu/meps/en/256847
Niclas HERBST,niclas.herbst@europarl.europa.eu,DEU,EPP,org/6771,197412,https://www.europarl.europa.eu/meps/en/197412
Giusi PRINCI,giusi.princi@europarl.europa.eu,ITA,EPP,org/6744,257128,https://www.europarl.europa.eu/meps/en/257128
Costas MAVRIDES,costas.mavrides@europarl.europa.eu,CYP,S&D,org/6766,124691,https://www.europarl.europa.eu/meps/en/124691
Reinhold LOPATKA,reinhold.lopatka@europarl.europa.eu,AUT,EPP,org/6745,220896,https://www.europarl.europa.eu/meps/en/220896
Volker SCHNURRBUSCH,volker.schnurrbusch@europarl.europa.eu,DEU,ESN,org/6802,267485,https://www.europarl.europa.eu/meps/en/267485
Morten LØKKEGAARD,morten.lokkegaard@europarl.europa.eu,DNK,Renew,org/6663,96709,https://www.europarl.europa.eu/meps/en/96709
Fabienne KELLER,fabienne.keller@europarl.europa.eu,FRA,Renew,org/6935,22858,https://www.europarl.europa.eu/meps/en/22858
Sven SIMON,sven.simon@europarl.europa.eu,DEU,EPP,org/6771,197426,https://www.europarl.europa.eu/meps/en/197426
Thomas BAJADA,thomas.bajada@europarl.europa.eu,MLT,S&D,org/6689,256936,https://www.europarl.europa.eu/meps/en/256936
Bartosz ARŁUKOWICZ,bartosz.arlukowicz@europarl.europa.eu,POL,EPP,org/6703,197492,https://www.europarl.europa.eu/meps/en/197492
Letizia MORATTI,letizia.moratti@europarl.europa.eu,ITA,EPP,org/6744,257151,https://www.europarl.europa.eu/meps/en/257151
Friedrich PÜRNER,friedrich.puerner@europarl.europa.eu,DEU,NI,org/6823,256969,https://www.europarl.europa.eu/meps/en/256969
Adina VĂLEAN,adina.valean@europarl.europa.eu,ROU,EPP,org/6709,37324,https://www.europarl.europa.eu/meps/en/37324
Diana IOVANOVICI ŞOŞOACĂ,diana.iovanovicisosoaca@europarl.europa.eu,ROU,NI,org/6645,257120,https://www.europarl.europa.eu/meps/en/257120
Alicia HOMS GINEL,alicia.homs@europarl.europa.eu,ESP,S&D,org/6667,122978,https://www.europarl.europa.eu/meps/en/122978
Camilla LAURETI,camilla.laureti@europarl.europa.eu,ITA,S&D,org/6675,230085,https://www.europarl.europa.eu/meps/en/230085
Gerben-Jan GERBRANDY,gerbrandy@europarl.europa.eu,NLD,Renew,org/6693,96940,https://www.europarl.europa.eu/meps/en/96940
Olivier CHASTEL,olivier.chastel@europarl.europa.eu,BEL,Renew,org/6756,197463,https://www.europarl.europa.eu/meps/en/197463
Malik AZMANI,malik.azmani@europarl.europa.eu,NLD,Renew,org/6691,197781,https://www.europarl.europa.eu/meps/en/197781
Elisabeth DIERINGER,elisabeth.dieringer@europarl.europa.eu,AUT,PfE,org/6747,256834,https://www.europarl.europa.eu/meps/en/256834
David CORMAND,david.cormand@europarl.europa.eu,FRA,Greens/EFA,org/6953,197503,https://www.europarl.europa.eu/meps/en/197503
Yannis MANIATIS,ioannis.maniatis@europarl.europa.eu,GRC,S&D,org/6876,256824,https://www.europarl.europa.eu/meps/en/256824
Jens GIESEKE,jens.gieseke@europarl.europa.eu,DEU,EPP,org/6771,124807,https://www.europarl.europa.eu/meps/en/124807
Daniel BUDA,daniel.buda@europarl.europa.eu,ROU,EPP,org/6709,125012,https://www.europarl.europa.eu/meps/en/125012
François-Xavier BELLAMY,fxbellamy@europarl.europa.eu,FRA,EPP,org/6827,197534,https://www.europarl.europa.eu/meps/en/197534
Anja HAZEKAMP,anja.hazekamp@europarl.europa.eu,NLD,The Left,org/6695,125023,https://www.europarl.europa.eu/meps/en/125023
Per CLAUSEN,per.clausen@europarl.europa.eu,DNK,The Left,org/6863,257023,https://www.europarl.europa.eu/meps/en/257023
Nicola ZINGARETTI,nicola.zingaretti@europarl.europa.eu,ITA,S&D,org/6675,28419,https://www.europarl.europa.eu/meps/en/28419
Annalisa CORRADO,annalisa.corrado@europarl.europa.eu,ITA,S&D,org/6675,257169,https://www.europarl.europa.eu/meps/en/257169
Ruth FIRMENICH,ruth.firmenich@europarl.europa.eu,DEU,NI,org/6850,25758,https://www.europarl.europa.eu/meps/en/25758
Rody TOLASSY,rody.tolassy@europarl.europa.eu,FRA,PfE,org/6848,256888,https://www.europarl.europa.eu/meps/en/256888
Herbert DORFMANN,herbert.dorfmann@europarl.europa.eu,ITA,EPP,org/6676,96787,https://www.europarl.europa.eu/meps/en/96787
Ilhan KYUCHYUK,ilhan.kyuchyuk@europarl.europa.eu,BGR,Renew,org/6763,124866,https://www.europarl.europa.eu/meps/en/124866
Karlo RESSLER,karlo.ressler@europarl.europa.eu,HRV,EPP,org/6734,197413,https://www.europarl.europa.eu/meps/en/197413
Diana RIBA I GINER,diana.ribaiginer@europarl.europa.eu,ESP,Greens/EFA,org/6669,197832,https://www.europarl.europa.eu/meps/en/197832
Wouter BEKE,wouter.beke@europarl.europa.eu,BEL,EPP,org/6755,256887,https://www.europarl.europa.eu/meps/en/256887
Pernando BARRENA ARZA,pernando.barrena@europarl.europa.eu,ESP,The Left,org/6812,197684,https://www.europarl.europa.eu/meps/en/197684
France JAMET,france.jamet@europarl.europa.eu,FRA,PfE,org/6848,189065,https://www.europarl.europa.eu/meps/en/189065
Nathalie LOISEAU,nathalie.loiseau@europarl.europa.eu,FRA,Renew,org/6919,197494,https://www.europarl.europa.eu/meps/en/197494
Jacek OZDOBA,jacek.ozdoba@europarl.europa.eu,POL,ECR,org/6702,257086,https://www.europarl.europa.eu/meps/en/257086
Aodhán Ó RÍORDÁIN,aodhan.oriordain@europarl.europa.eu,IRL,S&D,org/7022,257238,https://www.europarl.europa.eu/meps/en/257238
Krzysztof BREJZA,krzysztof.brejza@europarl.europa.eu,POL,EPP,org/6703,251324,https://www.europarl.europa.eu/meps/en/251324
Francesco VENTOLA,francesco.ventola@europarl.europa.eu,ITA,ECR,org/6831,257099,https://www.europarl.europa.eu/meps/en/257099
Sabrina REPP,sabrina.repp@europarl.europa.eu,DEU,S&D,org/6772,256935,https://www.europarl.europa.eu/meps/en/256935
Martin HOJSÍK,martin.hojsik@europarl.europa.eu,SVK,Renew,org/6874,197770,https://www.europarl.europa.eu/meps/en/197770
Luke Ming FLANAGAN,lukeming.flanagan@europarl.europa.eu,IRL,The Left,org/6739,124985,https://www.europarl.europa.eu/meps/en/124985
Vilis KRIŠTOPANS,vilis.kristopans@europarl.europa.eu,LVA,PfE,org/6930,256909,https://www.europarl.europa.eu/meps/en/256909
Tobias CREMER,tobias.cremer@europarl.europa.eu,DEU,S&D,org/6772,256938,https://www.europarl.europa.eu/meps/en/256938
Marion WALSMANN,marionerika.walsmann@europarl.europa.eu,DEU,EPP,org/6771,197429,https://www.europarl.europa.eu/meps/en/197429
Fernando NAVARRETE ROJAS,fernando.navarrete@europarl.europa.eu,ESP,EPP,org/6666,257027,https://www.europarl.europa.eu/meps/en/257027
Barbara BONTE,barbara.bonte@europarl.europa.eu,BEL,PfE,org/6751,256881,https://www.europarl.europa.eu/meps/en/256881
Arash SAEIDI,arash.saeidi@europarl.europa.eu,FRA,The Left,org/6878,256911,https://www.europarl.europa.eu/meps/en/256911
Mélanie DISDIER,melanie.disdier@europarl.europa.eu,FRA,PfE,org/6848,256874,https://www.europarl.europa.eu/meps/en/256874
Ewa ZAJĄCZKOWSKA-HERNIK,ewa.zajaczkowska-hernik@europarl.europa.eu,POL,ESN,org/6856,257069,https://www.europarl.europa.eu/meps/en/257069
Danilo DELLA VALLE,danilo.dellavalle@europarl.europa.eu,ITA,The Left,org/6674,257155,https://www.europarl.europa.eu/meps/en/257155
Marta WCISŁO,marta.wcislo@europarl.europa.eu,POL,EPP,org/6703,257046,https://www.europarl.europa.eu/meps/en/257046
Antonella SBERNA,antonella.sberna@europarl.europa.eu,ITA,ECR,org/6831,257113,https://www.europarl.europa.eu/meps/en/257113
Udo BULLMANN,udo.bullmann@europarl.europa.eu,DEU,S&D,org/6772,4267,https://www.europarl.europa.eu/meps/en/4267
Lara WOLTERS,lara.wolters@europarl.europa.eu,NLD,S&D,org/7952,5392,https://www.europarl.europa.eu/meps/en/5392
Nikos PAPANDREOU,nikos.papandreou@europarl.europa.eu,GRC,S&D,org/6876,244571,https://www.europarl.europa.eu/meps/en/244571
Marta TEMIDO,marta.temido@europarl.europa.eu,PRT,S&D,org/6706,210480,https://www.europarl.europa.eu/meps/en/210480
Saskia BRICMONT,saskia.bricmont@europarl.europa.eu,BEL,Greens/EFA,org/6757,197470,https://www.europarl.europa.eu/meps/en/197470
Enikő GYŐRI,eniko.gyori@europarl.europa.eu,HUN,PfE,NI,96830,https://www.europarl.europa.eu/meps/en/96830
Paulius SAUDARGAS,paulius.saudargas@europarl.europa.eu,LTU,EPP,org/6678,256809,https://www.europarl.europa.eu/meps/en/256809
Gabriel MATO,gabriel.mato@europarl.europa.eu,ESP,EPP,org/6666,96936,https://www.europarl.europa.eu/meps/en/96936
Tom BERENDSEN,tom.berendsen@europarl.europa.eu,NLD,EPP,org/6697,197778,https://www.europarl.europa.eu/meps/en/197778
Emmanouil FRAGKOS,emmanouil.fragkos@europarl.europa.eu,GRC,ECR,org/6781,198490,https://www.europarl.europa.eu/meps/en/198490
Fernand KARTHEISER,fernand.kartheiser@europarl.europa.eu,LUX,NI,org/7031,256900,https://www.europarl.europa.eu/meps/en/256900
Liudas MAŽYLIS,liudas.mazylis@europarl.europa.eu,LTU,EPP,org/6678,197841,https://www.europarl.europa.eu/meps/en/197841
Alessandro ZAN,alessandro.zan@europarl.europa.eu,ITA,S&D,org/6675,257106,https://www.europarl.europa.eu/meps/en/257106
Jorge BUXADÉ VILLALBA,jorge.buxadevillalba@europarl.europa.eu,ESP,PfE,org/6871,197829,https://www.europarl.europa.eu/meps/en/197829
Waldemar TOMASZEWSKI,waldemar.tomaszewski@europarl.europa.eu,LTU,ECR,org/6679,96697,https://www.europarl.europa.eu/meps/en/96697
Billy KELLEHER,billy.kelleher@europarl.europa.eu,IRL,Renew,org/6741,197818,https://www.europarl.europa.eu/meps/en/197818
Kira Marie PETER-HANSEN,kira.peter-hansen@europarl.europa.eu,DNK,Greens/EFA,org/6661,197573,https://www.europarl.europa.eu/meps/en/197573
Paulo DO NASCIMENTO CABRAL,paulo.nascimentocabral@europarl.europa.eu,PRT,EPP,org/6640,257048,https://www.europarl.europa.eu/meps/en/257048
Michał KOBOSKO,michal.kobosko@europarl.europa.eu,POL,Renew,org/6893,257037,https://www.europarl.europa.eu/meps/en/257037
Dick ERIXON,dick.erixon@europarl.europa.eu,SWE,ECR,org/6810,257091,https://www.europarl.europa.eu/meps/en/257091
Jaume ASENS LLODRÀ,jaume.asens@europarl.europa.eu,ESP,Greens/EFA,org/6784,257015,https://www.europarl.europa.eu/meps/en/257015
Andrzej BUŁA,andrzej.bula@europarl.europa.eu,POL,EPP,org/6703,257051,https://www.europarl.europa.eu/meps/en/257051
Zala TOMAŠIČ,zala.tomasic@europarl.europa.eu,SVN,EPP,org/6719,256814,https://www.europarl.europa.eu/meps/en/256814
Pierre PIMPIE,pierre.pimpie@europarl.europa.eu,FRA,PfE,org/6848,256893,https://www.europarl.europa.eu/meps/en/256893
Christel SCHALDEMOSE,christel.schaldemose@europarl.europa.eu,DNK,S&D,org/6777,37312,https://www.europarl.europa.eu/meps/en/37312
Tomasz BUCZEK,tomasz.buczek@europarl.europa.eu,POL,PfE,org/6856,257072,https://www.europarl.europa.eu/meps/en/257072
Yvan VEROUGSTRAETE,yvan.verougstraete@europarl.europa.eu,BEL,Renew,org/6903,256879,https://www.europarl.europa.eu/meps/en/256879
Ilaria SALIS,ilaria.salis@europarl.europa.eu,ITA,The Left,org/6944,257127,https://www.europarl.europa.eu/meps/en/257127
Jaroslav KNOT,jaroslav.knot@europarl.europa.eu,CZE,PfE,org/6794,270261,https://www.europarl.europa.eu/meps/en/270261
Kai TEGETHOFF,kai.tegethoff@europarl.europa.eu,DEU,Greens/EFA,org/6859,256965,https://www.europarl.europa.eu/meps/en/256965
Mārtiņš STAĶIS,martins.stakis@europarl.europa.eu,LVA,Greens/EFA,org/6933,256916,https://www.europarl.europa.eu/meps/en/256916
Alberico GAMBINO,alberico.gambino@europarl.europa.eu,ITA,ECR,org/6831,257097,https://www.europarl.europa.eu/meps/en/257097
Laurence FARRENG,laurence.farreng@europarl.europa.eu,FRA,Renew,org/6821,197589,https://www.europarl.europa.eu/meps/en/197589
Lena SCHILLING,lena.schilling@europarl.europa.eu,AUT,Greens/EFA,org/6748,256833,https://www.europarl.europa.eu/meps/en/256833
Lena DÜPONT,lena.duepont@europarl.europa.eu,DEU,EPP,org/6771,99945,https://www.europarl.europa.eu/meps/en/99945
Jutta PAULUS,jutta.paulus@europarl.europa.eu,DEU,Greens/EFA,org/6773,197466,https://www.europarl.europa.eu/meps/en/197466
Sérgio GONÇALVES,sergio.sousagoncalves@europarl.europa.eu,PRT,S&D,org/6706,257079,https://www.europarl.europa.eu/meps/en/257079
Nicolás PASCUAL DE LA PARTE,nicolas.pascualdelaparte@europarl.europa.eu,ESP,EPP,org/6666,257040,https://www.europarl.europa.eu/meps/en/257040
Günther SIDL,guenther.sidl@europarl.europa.eu,AUT,S&D,org/6746,197677,https://www.europarl.europa.eu/meps/en/197677
Ondřej KOLÁŘ,ondrej.kolar@europarl.europa.eu,CZE,EPP,org/6793,256846,https://www.europarl.europa.eu/meps/en/256846
Miriam LEXMANN,miriam.lexmann@europarl.europa.eu,SVK,EPP,org/6722,204336,https://www.europarl.europa.eu/meps/en/204336
Daniel OBAJTEK,daniel.obajtek@europarl.europa.eu,POL,ECR,org/6702,257058,https://www.europarl.europa.eu/meps/en/257058
Vladimir PREBILIČ,vladimir.prebilic@europarl.europa.eu,SVN,Greens/EFA,,256813,https://www.europarl.europa.eu/meps/en/256813
Assita KANKO,assita.kanko@europarl.europa.eu,BEL,ECR,org/6754,197469,https://www.europarl.europa.eu/meps/en/197469
Mika AALTOLA,mika.aaltola@europarl.europa.eu,FIN,EPP,org/6726,256810,https://www.europarl.europa.eu/meps/en/256810
Elisabeth GROSSMANN,elisabeth.grossmann@europarl.europa.eu,AUT,S&D,org/6746,256830,https://www.europarl.europa.eu/meps/en/256830
Brigitte VAN DEN BERG,brigitte.vandenberg@europarl.europa.eu,NLD,Renew,org/6693,256976,https://www.europarl.europa.eu/meps/en/256976
Tiemo WÖLKEN,tiemo.woelken@europarl.europa.eu,DEU,S&D,org/6772,185619,https://www.europarl.europa.eu/meps/en/185619
Radan KANEV,radan.kanev@europarl.europa.eu,BGR,EPP,org/6804,197839,https://www.europarl.europa.eu/meps/en/197839
Terry REINTKE,terry.reintke@europarl.europa.eu,DEU,Greens/EFA,org/6773,103381,https://www.europarl.europa.eu/meps/en/103381
André ROUGÉ,andre.rouge@europarl.europa.eu,FRA,PfE,org/6848,197690,https://www.europarl.europa.eu/meps/en/197690
Sofie ERIKSSON,sofie.eriksson@europarl.europa.eu,SWE,S&D,org/6712,257088,https://www.europarl.europa.eu/meps/en/257088
Pál SZEKERES,pal.szekeres@europarl.europa.eu,HUN,PfE,NI,256855,https://www.europarl.europa.eu/meps/en/256855
Marco FALCONE,marco.falcone@europarl.europa.eu,ITA,EPP,org/6744,257137,https://www.europarl.europa.eu/meps/en/257137
Irena JOVEVA,irena.joveva@europarl.europa.eu,SVN,Renew,org/6909,197447,https://www.europarl.europa.eu/meps/en/197447
Georgios AFTIAS,georgios.aftias@europarl.europa.eu,GRC,EPP,org/6730,256820,https://www.europarl.europa.eu/meps/en/256820
Dimitris TSIODRAS,dimitrios.tsiodras@europarl.europa.eu,GRC,EPP,org/6730,256950,https://www.europarl.europa.eu/meps/en/256950
Stefano CAVEDAGNA,stefano.cavedagna@europarl.europa.eu,ITA,ECR,org/6831,257096,https://www.europarl.europa.eu/meps/en/257096
Jan FARSKÝ,jan.farsky@europarl.europa.eu,CZE,EPP,org/6835,256840,https://www.europarl.europa.eu/meps/en/256840
Dragoş BENEA,adrian-dragos.benea@europarl.europa.eu,ROU,S&D,org/6708,197658,https://www.europarl.europa.eu/meps/en/197658
Anthony SMITH,anthony.smith@europarl.europa.eu,FRA,The Left,org/6878,256910,https://www.europarl.europa.eu/meps/en/256910
Chiara GEMMA,chiara.gemma@europarl.europa.eu,ITA,ECR,org/6831,197794,https://www.europarl.europa.eu/meps/en/197794
Nikos PAPPAS,nikolaos.pappas@europarl.europa.eu,GRC,The Left,org/6731,256952,https://www.europarl.europa.eu/meps/en/256952
Alma EZCURRA ALMANSA,alma.ezcurra@europarl.europa.eu,ESP,EPP,org/6666,257035,https://www.europarl.europa.eu/meps/en/257035
Hannes HEIDE,hannes.heide@europarl.europa.eu,AUT,S&D,org/6746,197682,https://www.europarl.europa.eu/meps/en/197682
Kristian VIGENIN,kristian.vigenin@europarl.europa.eu,BGR,S&D,org/6762,34232,https://www.europarl.europa.eu/meps/en/34232
Marc BOTENGA,marcjohan.botenga@europarl.europa.eu,BEL,The Left,org/6860,187917,https://www.europarl.europa.eu/meps/en/187917
Romana TOMC,romana.tomc@europarl.europa.eu,SVN,EPP,org/6719,125104,https://www.europarl.europa.eu/meps/en/125104
Jean-Marc GERMAIN,jean-marc.germain@europarl.europa.eu,FRA,S&D,org/6728,256901,https://www.europarl.europa.eu/meps/en/256901
Laurence TROCHU,laurence.trochu@europarl.europa.eu,FRA,ECR,org/7876,256925,https://www.europarl.europa.eu/meps/en/256925
Johan DANIELSSON,johan.danielsson@europarl.europa.eu,SWE,S&D,org/6712,38542,https://www.europarl.europa.eu/meps/en/38542
Jessika VAN LEEUWEN,jessika.vanleeuwen@europarl.europa.eu,NLD,EPP,org/6851,256983,https://www.europarl.europa.eu/meps/en/256983
Gerolf ANNEMANS,gerolf.annemans@europarl.europa.eu,BEL,PfE,org/6751,124973,https://www.europarl.europa.eu/meps/en/124973
Manfred WEBER,manfred.weber@europarl.europa.eu,DEU,EPP,org/6776,28229,https://www.europarl.europa.eu/meps/en/28229
Emma RAFOWICZ,emma.rafowicz@europarl.europa.eu,FRA,S&D,org/6728,256902,https://www.europarl.europa.eu/meps/en/256902
Valérie DEVAUX,valerie.devaux@europarl.europa.eu,FRA,Renew,org/7017,256870,https://www.europarl.europa.eu/meps/en/256870
Leire PAJÍN,leire.pajiniraola@europarl.europa.eu,ESP,S&D,org/6667,256993,https://www.europarl.europa.eu/meps/en/256993
Jonás FERNÁNDEZ,jonas.fernandezalvarez@europarl.europa.eu,ESP,S&D,org/6667,125046,https://www.europarl.europa.eu/meps/en/125046
Milan ZVER,milan.zver@europarl.europa.eu,SVN,EPP,org/6719,96933,https://www.europarl.europa.eu/meps/en/96933
Marie TOUSSAINT,marie.toussaint@europarl.europa.eu,FRA,Greens/EFA,org/6953,97236,https://www.europarl.europa.eu/meps/en/97236
Evin INCIR,evin.incir@europarl.europa.eu,SWE,S&D,org/6712,197392,https://www.europarl.europa.eu/meps/en/197392
Monika BEŇOVÁ,monika.benova@europarl.europa.eu,SVK,NI,org/6723,23868,https://www.europarl.europa.eu/meps/en/23868
Tonino PICULA,tonino.picula@europarl.europa.eu,HRV,S&D,org/6735,112744,https://www.europarl.europa.eu/meps/en/112744
Rihards KOLS,rihards.kols@europarl.europa.eu,LVA,ECR,org/6685,220871,https://www.europarl.europa.eu/meps/en/220871
Ruggero RAZZA,ruggero.razza@europarl.europa.eu,ITA,ECR,org/6831,257104,https://www.europarl.europa.eu/meps/en/257104
Mario MANTOVANI,mario.mantovani@europarl.europa.eu,ITA,ECR,org/6831,4395,https://www.europarl.europa.eu/meps/en/4395
Jan-Christoph OETJEN,jan-christoph.oetjen@europarl.europa.eu,DEU,Renew,org/6774,197432,https://www.europarl.europa.eu/meps/en/197432
Magdalena ADAMOWICZ,magdalena.adamowicz@europarl.europa.eu,POL,EPP,org/6836,197490,https://www.europarl.europa.eu/meps/en/197490
Kateřina KONEČNÁ,katerina.konecna@europarl.europa.eu,CZE,NI,org/6769,23699,https://www.europarl.europa.eu/meps/en/23699
Christophe GRUDLER,christophe.grudler@europarl.europa.eu,FRA,Renew,org/6821,197557,https://www.europarl.europa.eu/meps/en/197557
Sarah KNAFO,sarah.knafo@europarl.europa.eu,FRA,ESN,org/6902,256924,https://www.europarl.europa.eu/meps/en/256924
Ingeborg TER LAAK,ingeborg.terlaak@europarl.europa.eu,NLD,EPP,org/6697,256968,https://www.europarl.europa.eu/meps/en/256968
Ciaran MULLOOLY,ciaran.mullooly@europarl.europa.eu,IRL,Renew,org/6739,257298,https://www.europarl.europa.eu/meps/en/257298
Gerald HAUSER,gerald.hauser@europarl.europa.eu,AUT,PfE,org/6747,256842,https://www.europarl.europa.eu/meps/en/256842
Anna CAVAZZINI,anna.cavazzini@europarl.europa.eu,DEU,Greens/EFA,org/6773,86793,https://www.europarl.europa.eu/meps/en/86793
Gheorghe CÂRCIU,gheorghe.carciu@europarl.europa.eu,ROU,S&D,org/6708,257100,https://www.europarl.europa.eu/meps/en/257100
Adrián VÁZQUEZ LÁZARA,adrian.vazquezlazara@europarl.europa.eu,ESP,EPP,org/6666,204400,https://www.europarl.europa.eu/meps/en/204400
Pilar DEL CASTILLO VERA,pilar.delcastillo@europarl.europa.eu,ESP,EPP,org/6666,28390,https://www.europarl.europa.eu/meps/en/28390
Erik MARQUARDT,erik.marquardt@europarl.europa.eu,DEU,Greens/EFA,org/6773,197462,https://www.europarl.europa.eu/meps/en/197462
Estelle CEULEMANS,estelle.ceulemans@europarl.europa.eu,BEL,S&D,org/6758,256880,https://www.europarl.europa.eu/meps/en/256880
Katarina BARLEY,katarina.barley@europarl.europa.eu,DEU,S&D,org/6772,197433,https://www.europarl.europa.eu/meps/en/197433
Nikolaos ANADIOTIS,nikolaos.anadiotis@europarl.europa.eu,GRC,NI,org/7011,256858,https://www.europarl.europa.eu/meps/en/256858
Stéphanie YON-COURTIN,stephanie.yon@europarl.europa.eu,FRA,Renew,org/6935,197581,https://www.europarl.europa.eu/meps/en/197581
Petras GRAŽULIS,petras.grazulis@europarl.europa.eu,LTU,ESN,org/7021,256808,https://www.europarl.europa.eu/meps/en/256808
Carolina MORACE,carolina.morace@europarl.europa.eu,ITA,The Left,org/6674,257140,https://www.europarl.europa.eu/meps/en/257140
Mircea-Gheorghe HAVA,mircea.hava@europarl.europa.eu,ROU,EPP,org/6709,197646,https://www.europarl.europa.eu/meps/en/197646
Jana NAGYOVÁ,jana.nagyova@europarl.europa.eu,CZE,PfE,org/6794,256843,https://www.europarl.europa.eu/meps/en/256843
Emma FOURREAU,emma.fourreau@europarl.europa.eu,FRA,The Left,org/6878,256913,https://www.europarl.europa.eu/meps/en/256913
Thomas GEISEL,thomas.geisel@europarl.europa.eu,DEU,NI,org/6850,256939,https://www.europarl.europa.eu/meps/en/256939
Leoluca ORLANDO,leoluca.orlando@europarl.europa.eu,ITA,Greens/EFA,org/6826,2152,https://www.europarl.europa.eu/meps/en/2152
Sandra GÓMEZ LÓPEZ,sandra.gomezlopez@europarl.europa.eu,ESP,S&D,org/6667,256997,https://www.europarl.europa.eu/meps/en/256997
Isabel WISELER-LIMA,isabel.wiseler@europarl.europa.eu,LUX,EPP,org/6683,197421,https://www.europarl.europa.eu/meps/en/197421
Paulo CUNHA,pauloalexandre.matoscunha@europarl.europa.eu,PRT,EPP,org/6705,257078,https://www.europarl.europa.eu/meps/en/257078
Dario NARDELLA,dario.nardella@europarl.europa.eu,ITA,S&D,org/6675,257111,https://www.europarl.europa.eu/meps/en/257111
Davor Ivo STIER,davorivo.stier@europarl.europa.eu,HRV,EPP,org/6734,119435,https://www.europarl.europa.eu/meps/en/119435
Charles GOERENS,charles.goerens@europarl.europa.eu,LUX,Renew,org/6682,840,https://www.europarl.europa.eu/meps/en/840
Malika SOREL,malika.sorel@europarl.europa.eu,FRA,NI,org/7023,256871,https://www.europarl.europa.eu/meps/en/256871
Benoit CASSART,benoit.cassart@europarl.europa.eu,BEL,Renew,org/6756,256891,https://www.europarl.europa.eu/meps/en/256891
András Tivadar KULJA,andras.kulja@europarl.europa.eu,HUN,EPP,org/6847,256864,https://www.europarl.europa.eu/meps/en/256864
Oliver SCHENK,oliver.schenk@europarl.europa.eu,DEU,EPP,org/6771,256979,https://www.europarl.europa.eu/meps/en/256979
Michael GAHLER,michael.gahler@europarl.europa.eu,DEU,EPP,org/6771,2341,https://www.europarl.europa.eu/meps/en/2341
Stefan KÖHLER,stefan.koehler@europarl.europa.eu,DEU,EPP,org/6776,256973,https://www.europarl.europa.eu/meps/en/256973
Milan UHRÍK,milan.uhrik@europarl.europa.eu,SVK,ESN,org/6895,197763,https://www.europarl.europa.eu/meps/en/197763
Hilde VAUTMANS,hilde.vautmans@europarl.europa.eu,BEL,Renew,org/7991,130100,https://www.europarl.europa.eu/meps/en/130100
Ilia LAZAROV,ilia.lazarov@europarl.europa.eu,BGR,EPP,org/6783,257261,https://www.europarl.europa.eu/meps/en/257261
Zoltán TARR,zoltan.tarr@europarl.europa.eu,HUN,EPP,org/6847,256863,https://www.europarl.europa.eu/meps/en/256863
Łukasz KOHUT,lukasz.kohut@europarl.europa.eu,POL,EPP,org/6836,197523,https://www.europarl.europa.eu/meps/en/197523
Silvia SARDONE,silvia.sardone@europarl.europa.eu,ITA,PfE,org/6870,197578,https://www.europarl.europa.eu/meps/en/197578
Dariusz JOŃSKI,dariusz.jonski@europarl.europa.eu,POL,EPP,org/7979,257031,https://www.europarl.europa.eu/meps/en/257031
David CASA,david.casa@europarl.europa.eu,MLT,EPP,org/6690,28122,https://www.europarl.europa.eu/meps/en/28122
Flavio TOSI,flavio.tosi@europarl.europa.eu,ITA,EPP,org/6744,124795,https://www.europarl.europa.eu/meps/en/124795
Dennis RADTKE,dennis.radtke@europarl.europa.eu,DEU,EPP,org/6771,188945,https://www.europarl.europa.eu/meps/en/188945
Roberto VANNACCI,roberto.vannacci@europarl.europa.eu,ITA,NI,org/6870,257125,https://www.europarl.europa.eu/meps/en/257125
Francisco José MILLÁN MON,francisco.millanmon@europarl.europa.eu,ESP,EPP,org/6666,28400,https://www.europarl.europa.eu/meps/en/28400
Emil RADEV,emil.radev@europarl.europa.eu,BGR,EPP,org/6761,124850,https://www.europarl.europa.eu/meps/en/124850
Michael MCNAMARA,michael.mcnamara@europarl.europa.eu,IRL,Renew,org/6739,257300,https://www.europarl.europa.eu/meps/en/257300
Nicolae ȘTEFĂNUȚĂ,nicolae.stefanuta@europarl.europa.eu,ROU,Greens/EFA,org/6798,58766,https://www.europarl.europa.eu/meps/en/58766
Pascal CANFIN,pascal.canfin@europarl.europa.eu,FRA,Renew,org/6935,96711,https://www.europarl.europa.eu/meps/en/96711
Raffaele STANCANELLI,raffaele.stancanelli@europarl.europa.eu,ITA,PfE,org/6870,197825,https://www.europarl.europa.eu/meps/en/197825
Lina GÁLVEZ,lina.galvezmunoz@europarl.europa.eu,ESP,S&D,org/6667,197702,https://www.europarl.europa.eu/meps/en/197702
Nicolás GONZÁLEZ CASARES,nicolas.casares@europarl.europa.eu,ESP,S&D,org/6667,197718,https://www.europarl.europa.eu/meps/en/197718
Lynn BOYLAN,lynn.boylan@europarl.europa.eu,IRL,The Left,org/6740,124984,https://www.europarl.europa.eu/meps/en/124984
Aurore LALUCQ,aurore.lalucq@europarl.europa.eu,FRA,S&D,org/6785,197697,https://www.europarl.europa.eu/meps/en/197697
Andrey KOVATCHEV,andrey.kovatchev@europarl.europa.eu,BGR,EPP,org/6761,97968,https://www.europarl.europa.eu/meps/en/97968
Tilly METZ,tilly.metz@europarl.europa.eu,LUX,Greens/EFA,org/6684,193292,https://www.europarl.europa.eu/meps/en/193292
Taner KABILOV,taner.kabilov@europarl.europa.eu,BGR,NI,org/6763,257256,https://www.europarl.europa.eu/meps/en/257256
Jorge MARTÍN FRÍAS,jorge.martinfrias@europarl.europa.eu,ESP,PfE,org/6871,257029,https://www.europarl.europa.eu/meps/en/257029
Luděk NIEDERMAYER,ludek.niedermayer@europarl.europa.eu,CZE,EPP,org/6793,124701,https://www.europarl.europa.eu/meps/en/124701
Rudi KENNES,rudi.kennes@europarl.europa.eu,BEL,The Left,org/6950,256890,https://www.europarl.europa.eu/meps/en/256890
Diego SOLIER,diego.solierfernandez@europarl.europa.eu,ESP,ECR,org/6828,257021,https://www.europarl.europa.eu/meps/en/257021
Rada LAYKOVA,rada.laykova@europarl.europa.eu,BGR,ESN,org/6648,257262,https://www.europarl.europa.eu/meps/en/257262
Dóra DÁVID,dora.david@europarl.europa.eu,HUN,EPP,org/6847,256862,https://www.europarl.europa.eu/meps/en/256862
Gaetano PEDULLA',gaetano.pedulla@europarl.europa.eu,ITA,The Left,org/6674,257126,https://www.europarl.europa.eu/meps/en/257126
Elena NEVADO DEL CAMPO,elena.nevadodelcampo@europarl.europa.eu,ESP,EPP,org/6666,257039,https://www.europarl.europa.eu/meps/en/257039
Sibylle BERG,sibylle.berg@europarl.europa.eu,DEU,NI,org/6803,256960,https://www.europarl.europa.eu/meps/en/256960
Sebastian EVERDING,sebastian.everding@europarl.europa.eu,DEU,The Left,org/6808,256961,https://www.europarl.europa.eu/meps/en/256961
Daniele POLATO,daniele.polato@europarl.europa.eu,ITA,ECR,org/6831,257145,https://www.europarl.europa.eu/meps/en/257145
Kathleen FUNCHION,kathleen.funchion@europarl.europa.eu,IRL,The Left,org/6740,257299,https://www.europarl.europa.eu/meps/en/257299
Alexandr VONDRA,alexandr.vondra@europarl.europa.eu,CZE,ECR,org/6768,197537,https://www.europarl.europa.eu/meps/en/197537
Nacho SÁNCHEZ AMOR,nacho.sanchezamor@europarl.europa.eu,ESP,S&D,org/6667,197722,https://www.europarl.europa.eu/meps/en/197722
Moritz KÖRNER,moritz.koerner@europarl.europa.eu,DEU,Renew,org/6774,197445,https://www.europarl.europa.eu/meps/en/197445
Mariusz KAMIŃSKI,mariusz.kaminski@europarl.europa.eu,POL,ECR,org/6702,257056,https://www.europarl.europa.eu/meps/en/257056
Lucia YAR,lucia.yar@europarl.europa.eu,SVK,Renew,org/6874,257011,https://www.europarl.europa.eu/meps/en/257011
Guillaume PELTIER,guillaume.peltier@europarl.europa.eu,FRA,ECR,org/7876,30123,https://www.europarl.europa.eu/meps/en/30123
Fabio DE MASI,fabio.demasi@europarl.europa.eu,DEU,NI,org/6850,124858,https://www.europarl.europa.eu/meps/en/124858
Gilles BOYER,gilles.boyer@europarl.europa.eu,FRA,Renew,org/6919,197577,https://www.europarl.europa.eu/meps/en/197577
Julie RECHAGNEUX,julie.rechagneux@europarl.europa.eu,FRA,PfE,org/6848,256882,https://www.europarl.europa.eu/meps/en/256882
Leila CHAIBI,leila.chaibi@europarl.europa.eu,FRA,The Left,org/6878,197529,https://www.europarl.europa.eu/meps/en/197529
Claudiu MANDA,iulian-claudiu.manda@europarl.europa.eu,ROU,S&D,org/6708,197653,https://www.europarl.europa.eu/meps/en/197653
Milan MAZUREK,milan.mazurek@europarl.europa.eu,SVK,ESN,org/6895,249982,https://www.europarl.europa.eu/meps/en/249982
Niels GEUKING,niels.geuking@europarl.europa.eu,DEU,EPP,org/6799,251874,https://www.europarl.europa.eu/meps/en/251874
Martin GÜNTHER,martin.guenther@europarl.europa.eu,DEU,The Left,org/6775,270719,https://www.europarl.europa.eu/meps/en/270719
Martin SCHIRDEWAN,martin.schirdewan@europarl.europa.eu,DEU,The Left,org/6775,190517,https://www.europarl.europa.eu/meps/en/190517
Charlie WEIMERS,charlie.weimers@europarl.europa.eu,SWE,ECR,org/6810,123562,https://www.europarl.europa.eu/meps/en/123562
Sandro RUOTOLO,sandro.ruotolo@europarl.europa.eu,ITA,S&D,org/6675,257170,https://www.europarl.europa.eu/meps/en/257170
Aleksandar NIKOLIC,aleksandar.nikolic@europarl.europa.eu,FRA,PfE,org/6848,256883,https://www.europarl.europa.eu/meps/en/256883
András LÁSZLÓ,andras.laszlo@europarl.europa.eu,HUN,PfE,NI,256860,https://www.europarl.europa.eu/meps/en/256860
Grégory ALLIONE,gregory.allione@europarl.europa.eu,FRA,Renew,org/6935,256869,https://www.europarl.europa.eu/meps/en/256869
Seán KELLY,sean.kelly@europarl.europa.eu,IRL,EPP,org/6742,96668,https://www.europarl.europa.eu/meps/en/96668
Javi LÓPEZ,javi.lopez@europarl.europa.eu,ESP,S&D,org/6816,125042,https://www.europarl.europa.eu/meps/en/125042
Loucas FOURLAS,loucas.fourlas@europarl.europa.eu,CYP,EPP,org/6764,197414,https://www.europarl.europa.eu/meps/en/197414
Alexander SELL,alexander.sell@europarl.europa.eu,DEU,ESN,org/6802,256959,https://www.europarl.europa.eu/meps/en/256959
Catherine GRISET,catherine.griset@europarl.europa.eu,FRA,PfE,org/6848,94649,https://www.europarl.europa.eu/meps/en/94649
Villy SØVNDAL,villy.sovndal@europarl.europa.eu,DNK,Greens/EFA,org/6661,111412,https://www.europarl.europa.eu/meps/en/111412
Kosma ZŁOTOWSKI,kosma.zlotowski@europarl.europa.eu,POL,ECR,org/6702,124884,https://www.europarl.europa.eu/meps/en/124884
Peter LIESE,peter.liese@europarl.europa.eu,DEU,EPP,org/6771,1927,https://www.europarl.europa.eu/meps/en/1927
Ondřej DOSTÁL,ondrej.dostal@europarl.europa.eu,CZE,NI,org/6843,256851,https://www.europarl.europa.eu/meps/en/256851
Antonio DECARO,antonio.decaro@europarl.europa.eu,ITA,S&D,org/6675,257122,https://www.europarl.europa.eu/meps/en/257122
Özlem DEMIREL,oezlem.demirel@europarl.europa.eu,DEU,The Left,org/6775,197468,https://www.europarl.europa.eu/meps/en/197468
Hanna GRONKIEWICZ-WALTZ,hanna.gronkiewicz-waltz@europarl.europa.eu,POL,EPP,org/6703,262021,https://www.europarl.europa.eu/meps/en/262021
Andreas SCHWAB,andreas.schwab@europarl.europa.eu,DEU,EPP,org/6771,28223,https://www.europarl.europa.eu/meps/en/28223
Jérémy DECERLE,jeremy.decerle@europarl.europa.eu,FRA,Renew,org/6935,197504,https://www.europarl.europa.eu/meps/en/197504
Virgil-Daniel POPESCU,virgil.popescu@europarl.europa.eu,ROU,EPP,org/6709,257107,https://www.europarl.europa.eu/meps/en/257107
Alexander JUNGBLUTH,alexander.jungbluth@europarl.europa.eu,DEU,ESN,org/6802,256941,https://www.europarl.europa.eu/meps/en/256941
Massimiliano SALINI,massimiliano.salini@europarl.europa.eu,ITA,EPP,org/6744,125670,https://www.europarl.europa.eu/meps/en/125670
Kinga KOLLÁR,kinga.kollar@europarl.europa.eu,HUN,EPP,org/6847,256861,https://www.europarl.europa.eu/meps/en/256861
Pierre JOUVET,pierre.jouvet@europarl.europa.eu,FRA,S&D,org/6728,256898,https://www.europarl.europa.eu/meps/en/256898
Mariateresa VIVALDINI,mariateresa.vivaldini@europarl.europa.eu,ITA,ECR,org/6831,257143,https://www.europarl.europa.eu/meps/en/257143
Juan Carlos GIRAUTA VIDAL,juancarlos.girautavidal@europarl.europa.eu,ESP,PfE,org/6871,125052,https://www.europarl.europa.eu/meps/en/125052
Angéline FURET,angeline.furet@europarl.europa.eu,FRA,PfE,org/6848,256896,https://www.europarl.europa.eu/meps/en/256896
Maravillas ABADÍA JOVER,maravillas.abadiajover@europarl.europa.eu,ESP,EPP,org/6666,257043,https://www.europarl.europa.eu/meps/en/257043
Verena MERTENS,verena.mertens@europarl.europa.eu,DEU,EPP,org/6771,256974,https://www.europarl.europa.eu/meps/en/256974
Adam BIELAN,adam.bielan@europarl.europa.eu,POL,ECR,org/6702,23788,https://www.europarl.europa.eu/meps/en/23788
Rasmus NORDQVIST,rasmus.nordqvist@europarl.europa.eu,DNK,Greens/EFA,org/6661,257044,https://www.europarl.europa.eu/meps/en/257044
Andrea WECHSLER,andrea.wechsler@europarl.europa.eu,DEU,EPP,org/6771,256977,https://www.europarl.europa.eu/meps/en/256977
Nela RIEHL,nela.riehl@europarl.europa.eu,DEU,Greens/EFA,org/6859,256964,https://www.europarl.europa.eu/meps/en/256964
Margarita DE LA PISA CARRIÓN,margarita.delapisa@europarl.europa.eu,ESP,PfE,org/6871,204414,https://www.europarl.europa.eu/meps/en/204414
Elissavet VOZEMBERG-VRIONIDI,elissavet.vozemberg@europarl.europa.eu,GRC,EPP,org/6730,125065,https://www.europarl.europa.eu/meps/en/125065
Regina DOHERTY,regina.doherty@europarl.europa.eu,IRL,EPP,org/6742,257237,https://www.europarl.europa.eu/meps/en/257237
Anne-Sophie FRIGOUT,anne-sophie.frigout@europarl.europa.eu,FRA,PfE,org/6848,256876,https://www.europarl.europa.eu/meps/en/256876
Julien SANCHEZ,julien.sanchez@europarl.europa.eu,FRA,PfE,org/6848,88552,https://www.europarl.europa.eu/meps/en/88552
Marion MARÉCHAL,marion.marechal@europarl.europa.eu,FRA,ECR,org/7876,256922,https://www.europarl.europa.eu/meps/en/256922
Matej TONIN,matej.tonin@europarl.europa.eu,SVN,EPP,org/6720,219652,https://www.europarl.europa.eu/meps/en/219652
Roberts ZĪLE,roberts.zile@europarl.europa.eu,LVA,ECR,org/6685,28615,https://www.europarl.europa.eu/meps/en/28615
Isabel SERRA SÁNCHEZ,isabel.serrasanchez@europarl.europa.eu,ESP,The Left,org/6811,257009,https://www.europarl.europa.eu/meps/en/257009
Giovanni CROSETTO,giovanni.crosetto@europarl.europa.eu,ITA,ECR,org/6831,257094,https://www.europarl.europa.eu/meps/en/257094
Robert BIEDROŃ,robert.biedron@europarl.europa.eu,POL,S&D,org/6899,197498,https://www.europarl.europa.eu/meps/en/197498
Giuseppe MILAZZO,giuseppe.milazzo@europarl.europa.eu,ITA,ECR,org/6831,197824,https://www.europarl.europa.eu/meps/en/197824
Jeroen LENAERS,jeroen.lenaers@europarl.europa.eu,NLD,EPP,org/6697,95074,https://www.europarl.europa.eu/meps/en/95074
Ondřej KNOTEK,ondrej.knotek@europarl.europa.eu,CZE,PfE,org/6794,197528,https://www.europarl.europa.eu/meps/en/197528
Irmhild BOSSDORF,irmhild.bossdorf@europarl.europa.eu,DEU,ESN,org/6802,256945,https://www.europarl.europa.eu/meps/en/256945
Fredis BELERIS,fredis.beleris@europarl.europa.eu,GRC,EPP,org/6730,256947,https://www.europarl.europa.eu/meps/en/256947
Marit MAIJ,marit.maij@europarl.europa.eu,NLD,S&D,org/7952,91636,https://www.europarl.europa.eu/meps/en/91636
Cristina MAESTRE,cristina.maestre@europarl.europa.eu,ESP,S&D,org/6667,197719,https://www.europarl.europa.eu/meps/en/197719
Galato ALEXANDRAKI,galato.alexandraki@europarl.europa.eu,GRC,ECR,org/6781,256956,https://www.europarl.europa.eu/meps/en/256956
Li ANDERSSON,li.andersson@europarl.europa.eu,FIN,The Left,org/6795,256805,https://www.europarl.europa.eu/meps/en/256805
Antonio LÓPEZ-ISTÚRIZ WHITE,antonio.lopezisturiz@europarl.europa.eu,ESP,EPP,org/6666,28399,https://www.europarl.europa.eu/meps/en/28399
Jordan BARDELLA,jordan.bardella@europarl.europa.eu,FRA,PfE,org/6848,131580,https://www.europarl.europa.eu/meps/en/131580
Raphaël GLUCKSMANN,raphael.glucksmann@europarl.europa.eu,FRA,S&D,org/6785,197694,https://www.europarl.europa.eu/meps/en/197694
Roberta METSOLA,roberta.metsola@europarl.europa.eu,MLT,EPP,org/6690,118859,https://www.europarl.europa.eu/meps/en/118859
Tomislav SOKOL,tomislav.sokol@europarl.europa.eu,HRV,EPP,org/6734,197417,https://www.europarl.europa.eu/meps/en/197417
Alessandro CIRIANI,alessandro.ciriani@europarl.europa.eu,ITA,ECR,org/6831,257147,https://www.europarl.europa.eu/meps/en/257147
Manuela RIPA,manuela.ripa@europarl.europa.eu,DEU,EPP,org/6801,206158,https://www.europarl.europa.eu/meps/en/206158
György HÖLVÉNYI,gyorgy.holvenyi@europarl.europa.eu,HUN,PfE,org/6818,124715,https://www.europarl.europa.eu/meps/en/124715
Kamila GASIUK-PIHOWICZ,kamila.gasiuk-pihowicz@europarl.europa.eu,POL,EPP,org/6703,257032,https://www.europarl.europa.eu/meps/en/257032
Rima HASSAN,rima.hassan@europarl.europa.eu,FRA,The Left,org/6878,256912,https://www.europarl.europa.eu/meps/en/256912
Michalis HADJIPANTELA,michael.hadjipantela@europarl.europa.eu,CYP,EPP,org/6764,256985,https://www.europarl.europa.eu/meps/en/256985
José CEPEDA,jose.cepeda@europarl.europa.eu,ESP,S&D,org/6667,257002,https://www.europarl.europa.eu/meps/en/257002
Nicolas BAY,nicolas.bay@europarl.europa.eu,FRA,ECR,org/7876,124760,https://www.europarl.europa.eu/meps/en/124760
Marina KALJURAND,marina.kaljurand@europarl.europa.eu,EST,S&D,org/6665,197491,https://www.europarl.europa.eu/meps/en/197491
Gabriela FIREA,gabriela.firea@europarl.europa.eu,ROU,S&D,org/6708,257098,https://www.europarl.europa.eu/meps/en/257098
Geadis GEADI,geadis.geadi@europarl.europa.eu,CYP,ECR,org/6924,256986,https://www.europarl.europa.eu/meps/en/256986
Eric SARGIACOMO,eric.sargiacomo@europarl.europa.eu,FRA,S&D,org/6728,256905,https://www.europarl.europa.eu/meps/en/256905
Małgorzata GOSIEWSKA,malgorzata.gosiewska@europarl.europa.eu,POL,ECR,org/6702,257055,https://www.europarl.europa.eu/meps/en/257055
Georgiana TEODORESCU,georgiana.teodorescu@europarl.europa.eu,ROU,ECR,org/6915,257116,https://www.europarl.europa.eu/meps/en/257116
Željana ZOVKO,zeljana.zovko@europarl.europa.eu,HRV,EPP,org/6734,185341,https://www.europarl.europa.eu/meps/en/185341
Chloé RIDEL,chloe.ridel@europarl.europa.eu,FRA,S&D,org/6728,256904,https://www.europarl.europa.eu/meps/en/256904
Ľudovít ÓDOR,ludovit.odor@europarl.europa.eu,SVK,Renew,org/6874,257010,https://www.europarl.europa.eu/meps/en/257010
Sérgio HUMBERTO,sergio.humberto@europarl.europa.eu,PRT,EPP,org/6640,257065,https://www.europarl.europa.eu/meps/en/257065
Sebastian TYNKKYNEN,sebastian.tynkkynen@europarl.europa.eu,FIN,ECR,org/6670,256806,https://www.europarl.europa.eu/meps/en/256806
Gordan BOSANAC,gordan.bosanac@europarl.europa.eu,HRV,Greens/EFA,org/6647,256995,https://www.europarl.europa.eu/meps/en/256995
Hans NEUHOFF,hans.neuhoff@europarl.europa.eu,DEU,ESN,org/6802,256944,https://www.europarl.europa.eu/meps/en/256944
András GYÜRK,andras.gyurk@europarl.europa.eu,HUN,PfE,NI,23816,https://www.europarl.europa.eu/meps/en/23816
Abir AL-SAHLANI,abir.alsahlani@europarl.europa.eu,SWE,Renew,org/6716,197400,https://www.europarl.europa.eu/meps/en/197400
Tineke STRIK,tineke.strik@europarl.europa.eu,NLD,Greens/EFA,org/7952,197772,https://www.europarl.europa.eu/meps/en/197772
Iuliu WINKLER,iuliu.winkler@europarl.europa.eu,ROU,EPP,org/6711,39725,https://www.europarl.europa.eu/meps/en/39725
Patryk JAKI,patryktomasz.jaki@europarl.europa.eu,POL,ECR,org/6700,197516,https://www.europarl.europa.eu/meps/en/197516
Krzysztof ŚMISZEK,krzysztof.smiszek@europarl.europa.eu,POL,S&D,org/6899,257085,https://www.europarl.europa.eu/meps/en/257085
Piotr MÜLLER,piotr.muller@europarl.europa.eu,POL,ECR,org/6702,257080,https://www.europarl.europa.eu/meps/en/257080
Arno BAUSEMER,arno.bausemer@europarl.europa.eu,DEU,ESN,org/6802,256948,https://www.europarl.europa.eu/meps/en/256948
Borja GIMÉNEZ LARRAZ,borja.gimenezlarraz@europarl.europa.eu,ESP,EPP,org/6666,125204,https://www.europarl.europa.eu/meps/en/125204
Loránt VINCZE,lorant.vincze@europarl.europa.eu,ROU,EPP,org/6711,98582,https://www.europarl.europa.eu/meps/en/98582
Giuseppe LUPO,giuseppe.lupo@europarl.europa.eu,ITA,S&D,org/6675,257124,https://www.europarl.europa.eu/meps/en/257124
Tobiasz BOCHEŃSKI,tobiasz.bochenski@europarl.europa.eu,POL,ECR,org/6702,257073,https://www.europarl.europa.eu/meps/en/257073
Nils UŠAKOVS,nils.usakovs@europarl.europa.eu,LVA,S&D,org/6686,197810,https://www.europarl.europa.eu/meps/en/197810
Elżbieta Katarzyna ŁUKACIJEWSKA,elzbieta.lukacijewska@europarl.europa.eu,POL,EPP,org/6703,96791,https://www.europarl.europa.eu/meps/en/96791
Brando BENIFEI,brando.benifei@europarl.europa.eu,ITA,S&D,org/6675,124867,https://www.europarl.europa.eu/meps/en/124867
Hildegard BENTELE,hildegard.bentele@europarl.europa.eu,DEU,EPP,org/6771,197408,https://www.europarl.europa.eu/meps/en/197408
Aldo PATRICIELLO,aldo.patriciello@europarl.europa.eu,ITA,PfE,org/6870,36392,https://www.europarl.europa.eu/meps/en/36392
Lefteris NIKOLAOU-ALAVANOS,lefteris.nikolaou@europarl.europa.eu,GRC,NI,org/6733,197734,https://www.europarl.europa.eu/meps/en/197734
Catarina VIEIRA,Catarina.VIEIRA@europarl.europa.eu,NLD,Greens/EFA,org/7952,257437,https://www.europarl.europa.eu/meps/en/257437
Joachim Stanisław BRUDZIŃSKI,joachim.brudzinski@europarl.europa.eu,POL,ECR,org/6702,197501,https://www.europarl.europa.eu/meps/en/197501
Christine SINGER,christine.singer@europarl.europa.eu,DEU,Renew,org/6807,256946,https://www.europarl.europa.eu/meps/en/256946
Gilles PENNELLE,gilles.pennelle@europarl.europa.eu,FRA,PfE,org/6848,126699,https://www.europarl.europa.eu/meps/en/126699
Anders VISTISEN,anders.vistisen@europarl.europa.eu,DNK,PfE,org/6662,124875,https://www.europarl.europa.eu/meps/en/124875
Virginie JORON,virginie.joron@europarl.europa.eu,FRA,PfE,org/6848,197627,https://www.europarl.europa.eu/meps/en/197627
Luis-Vicențiu LAZARUS,luis.lazarus@europarl.europa.eu,ROU,NI,org/7978,257118,https://www.europarl.europa.eu/meps/en/257118
Angelika WINZIG,angelika.winzig@europarl.europa.eu,AUT,EPP,org/6745,197652,https://www.europarl.europa.eu/meps/en/197652
Raúl DE LA HOZ QUINTANO,raul.delahoz@europarl.europa.eu,ESP,EPP,org/6666,257030,https://www.europarl.europa.eu/meps/en/257030
Maciej WĄSIK,maciej.wasik@europarl.europa.eu,POL,ECR,org/6702,257052,https://www.europarl.europa.eu/meps/en/257052
Jonas SJÖSTEDT,jonas.sjostedt@europarl.europa.eu,SWE,The Left,org/6718,2268,https://www.europarl.europa.eu/meps/en/2268
Laurent CASTILLO,laurent.castillo@europarl.europa.eu,FRA,PfE,org/7921,256921,https://www.europarl.europa.eu/meps/en/256921
Veronika CIFROVÁ OSTRIHOŇOVÁ,veronika.ostrihonova@europarl.europa.eu,SVK,Renew,org/6874,257014,https://www.europarl.europa.eu/meps/en/257014
Helmut BRANDSTÄTTER,helmut.brandstaetter@europarl.europa.eu,AUT,Renew,org/6749,256841,https://www.europarl.europa.eu/meps/en/256841
Jacek PROTAS,jacek.protas@europarl.europa.eu,POL,EPP,org/6703,257041,https://www.europarl.europa.eu/meps/en/257041
Jörgen WARBORN,jorgen.warborn@europarl.europa.eu,SWE,EPP,org/6713,197405,https://www.europarl.europa.eu/meps/en/197405
Hana JALLOUL MURO,hana.jalloulmuro@europarl.europa.eu,ESP,S&D,org/6667,256992,https://www.europarl.europa.eu/meps/en/256992
Pascal ARIMONT,pascal.arimont@europarl.europa.eu,BEL,EPP,org/6760,24922,https://www.europarl.europa.eu/meps/en/24922
Vilija BLINKEVIČIŪTĖ,vilija.blinkeviciute@europarl.europa.eu,LTU,S&D,org/6797,96681,https://www.europarl.europa.eu/meps/en/96681
Delara BURKHARDT,delara.burkhardt@europarl.europa.eu,DEU,S&D,org/6772,197440,https://www.europarl.europa.eu/meps/en/197440
Michael BLOSS,michael.bloss@europarl.europa.eu,DEU,Greens/EFA,org/6773,197449,https://www.europarl.europa.eu/meps/en/197449
Eszter LAKOS,eszter.lakos@europarl.europa.eu,HUN,EPP,org/6847,256865,https://www.europarl.europa.eu/meps/en/256865
Elena YONCHEVA,elena.yoncheva@europarl.europa.eu,BGR,NI,org/6763,197842,https://www.europarl.europa.eu/meps/en/197842
Bartłomiej SIENKIEWICZ,bartlomiej.sienkiewicz@europarl.europa.eu,POL,EPP,org/6703,86057,https://www.europarl.europa.eu/meps/en/86057
Ivan DAVID,ivan.david@europarl.europa.eu,CZE,ESN,org/6864,197556,https://www.europarl.europa.eu/meps/en/197556
Nora JUNCO GARCÍA,nora.juncogarcia@europarl.europa.eu,ESP,ECR,org/6828,257022,https://www.europarl.europa.eu/meps/en/257022
Roman HAIDER,roman.haider@europarl.europa.eu,AUT,PfE,org/6747,198176,https://www.europarl.europa.eu/meps/en/198176
Andreas GLÜCK,andreas.glueck@europarl.europa.eu,DEU,Renew,org/6774,197443,https://www.europarl.europa.eu/meps/en/197443
Alexander BERNHUBER,alexander.bernhuber@europarl.europa.eu,AUT,EPP,org/6745,197648,https://www.europarl.europa.eu/meps/en/197648
Andrey NOVAKOV,andrey.novakov@europarl.europa.eu,BGR,EPP,org/6761,107212,https://www.europarl.europa.eu/meps/en/107212
Alexandre VARAUT,alexandre.varaut@europarl.europa.eu,FRA,PfE,org/6848,5736,https://www.europarl.europa.eu/meps/en/5736
Svenja HAHN,svenja.hahn@europarl.europa.eu,DEU,Renew,org/6774,197444,https://www.europarl.europa.eu/meps/en/197444
Rachel BLOM,rachel.blom@europarl.europa.eu,NLD,PfE,org/6696,256998,https://www.europarl.europa.eu/meps/en/256998
Siegfried MUREŞAN,siegfried.muresan@europarl.europa.eu,ROU,EPP,org/6709,124802,https://www.europarl.europa.eu/meps/en/124802
Jüri RATAS,juri.ratas@europarl.europa.eu,EST,EPP,org/6849,188096,https://www.europarl.europa.eu/meps/en/188096
Viktória FERENC,viktoria.ferenc@europarl.europa.eu,HUN,PfE,NI,256857,https://www.europarl.europa.eu/meps/en/256857
Emma WIESNER,emma.wiesner@europarl.europa.eu,SWE,Renew,org/6716,214839,https://www.europarl.europa.eu/meps/en/214839
Csaba DÖMÖTÖR,csaba.domotor@europarl.europa.eu,HUN,PfE,NI,260724,https://www.europarl.europa.eu/meps/en/260724
Jeannette BALJEU,jeannettenicole.baljeu@europarl.europa.eu,NLD,Renew,org/6691,257003,https://www.europarl.europa.eu/meps/en/257003
Anna Maria CISINT,anna.cisint@europarl.europa.eu,ITA,PfE,org/6870,257131,https://www.europarl.europa.eu/meps/en/257131
Marcos ROS SEMPERE,marcos.ros@europarl.europa.eu,ESP,S&D,org/6667,204413,https://www.europarl.europa.eu/meps/en/204413
Sven MIKSER,sven.mikser@europarl.europa.eu,EST,S&D,org/6665,197497,https://www.europarl.europa.eu/meps/en/197497
Manon AUBRY,manon.aubry@europarl.europa.eu,FRA,The Left,org/6878,197533,https://www.europarl.europa.eu/meps/en/197533
Mathilde ANDROUËT,mathilde.androuet@europarl.europa.eu,FRA,PfE,org/6848,197691,https://www.europarl.europa.eu/meps/en/197691
Pina PICIERNO,giuseppina.picierno@europarl.europa.eu,ITA,S&D,org/6675,124846,https://www.europarl.europa.eu/meps/en/124846
Julien LEONARDELLI,julien.leonardelli@europarl.europa.eu,FRA,PfE,org/6848,256895,https://www.europarl.europa.eu/meps/en/256895
Arba KOKALARI,arba.kokalari@europarl.europa.eu,SWE,EPP,org/6713,197406,https://www.europarl.europa.eu/meps/en/197406
Christine SCHNEIDER,christine.schneider@europarl.europa.eu,DEU,EPP,org/6771,197422,https://www.europarl.europa.eu/meps/en/197422
Eugen TOMAC,eugen.tomac@europarl.europa.eu,ROU,Renew,org/6710,197672,https://www.europarl.europa.eu/meps/en/197672
Tomáš KUBÍN,tomas.kubin@europarl.europa.eu,CZE,PfE,org/6794,261038,https://www.europarl.europa.eu/meps/en/261038
Martine KEMP,martine.kemp@europarl.europa.eu,LUX,EPP,org/6683,249603,https://www.europarl.europa.eu/meps/en/249603
Fabrice LEGGERI,fabrice.leggeri@europarl.europa.eu,FRA,PfE,org/6848,256872,https://www.europarl.europa.eu/meps/en/256872
Kathleen VAN BREMPT,kathleen.vanbrempt@europarl.europa.eu,BEL,S&D,org/6912,5729,https://www.europarl.europa.eu/meps/en/5729
Maria GUZENINA,maria.guzenina@europarl.europa.eu,FIN,S&D,org/6672,256803,https://www.europarl.europa.eu/meps/en/256803
Borys BUDKA,borys.budka@europarl.europa.eu,POL,EPP,org/6703,257047,https://www.europarl.europa.eu/meps/en/257047
Pascale PIERA,pascale.piera@europarl.europa.eu,FRA,PfE,org/6848,256877,https://www.europarl.europa.eu/meps/en/256877
David MCALLISTER,david.mcallister@europarl.europa.eu,DEU,EPP,org/6771,124806,https://www.europarl.europa.eu/meps/en/124806
Estrella GALÁN,estrella.galan@europarl.europa.eu,ESP,The Left,org/6949,257012,https://www.europarl.europa.eu/meps/en/257012
Nadine MORANO,nadine.morano@europarl.europa.eu,FRA,EPP,org/6827,72779,https://www.europarl.europa.eu/meps/en/72779
Michal WIEZIK,michal.wiezik@europarl.europa.eu,SVK,Renew,org/6874,197769,https://www.europarl.europa.eu/meps/en/197769
Vivien COSTANZO,vivien.costanzo@europarl.europa.eu,DEU,S&D,org/6772,256937,https://www.europarl.europa.eu/meps/en/256937
Cynthia NÍ MHURCHÚ,cynthia.nimhurchu@europarl.europa.eu,IRL,Renew,org/6741,257301,https://www.europarl.europa.eu/meps/en/257301
Anna BRYŁKA,anna.brylka@europarl.europa.eu,POL,PfE,org/6856,257064,https://www.europarl.europa.eu/meps/en/257064
Thomas WAITZ,thomas.waitz@europarl.europa.eu,AUT,Greens/EFA,org/6748,190464,https://www.europarl.europa.eu/meps/en/190464
Angelika NIEBLER,angelika.niebler@europarl.europa.eu,DEU,EPP,org/6776,4289,https://www.europarl.europa.eu/meps/en/4289
Christian DOLESCHAL,christian.doleschal@europarl.europa.eu,DEU,EPP,org/6776,197473,https://www.europarl.europa.eu/meps/en/197473
Henrik DAHL,henrik.dahl@europarl.europa.eu,DNK,EPP,org/6852,257028,https://www.europarl.europa.eu/meps/en/257028
Pierfrancesco MARAN,pierfrancesco.maran@europarl.europa.eu,ITA,S&D,org/6675,257727,https://www.europarl.europa.eu/meps/en/257727
Nikola MINCHEV,nikola.minchev@europarl.europa.eu,BGR,Renew,org/6932,257259,https://www.europarl.europa.eu/meps/en/257259
Thierry MARIANI,thierry.mariani@europarl.europa.eu,FRA,PfE,org/6848,197623,https://www.europarl.europa.eu/meps/en/197623
Bas EICKHOUT,bas.eickhout@europarl.europa.eu,NLD,Greens/EFA,org/7952,96725,https://www.europarl.europa.eu/meps/en/96725
Biljana BORZAN,biljana.borzan@europarl.europa.eu,HRV,S&D,org/6735,112748,https://www.europarl.europa.eu/meps/en/112748
Harald VILIMSKY,harald.vilimsky@europarl.europa.eu,AUT,PfE,org/6747,125001,https://www.europarl.europa.eu/meps/en/125001
Mieke ANDRIESE,mieke.andriese@europarl.europa.eu,NLD,PfE,org/6696,130881,https://www.europarl.europa.eu/meps/en/130881
Gheorghe FALCĂ,gheorghe.falca@europarl.europa.eu,ROU,EPP,org/6709,197649,https://www.europarl.europa.eu/meps/en/197649
Arkadiusz MULARCZYK,arkadiusz.mularczyk@europarl.europa.eu,POL,ECR,org/6702,257060,https://www.europarl.europa.eu/meps/en/257060
Gheorghe PIPEREA,gheorghe.piperea@europarl.europa.eu,ROU,ECR,org/6915,257115,https://www.europarl.europa.eu/meps/en/257115
Mounir SATOURI,mounir.satouri@europarl.europa.eu,FRA,Greens/EFA,org/6953,197500,https://www.europarl.europa.eu/meps/en/197500
Jan-Peter WARNKE,jan-peter.warnke@europarl.europa.eu,DEU,NI,org/6850,256967,https://www.europarl.europa.eu/meps/en/256967
Valérie HAYER,valerie.hayer@europarl.europa.eu,FRA,Renew,org/6935,135511,https://www.europarl.europa.eu/meps/en/135511
Birgit SIPPEL,birgit.sippel@europarl.europa.eu,DEU,S&D,org/6772,96932,https://www.europarl.europa.eu/meps/en/96932
Idoia MENDIA,idoia.mendia@europarl.europa.eu,ESP,S&D,org/6667,256994,https://www.europarl.europa.eu/meps/en/256994
Afroditi LATINOPOULOU,afroditi.latinopoulou@europarl.europa.eu,GRC,PfE,org/7013,256954,https://www.europarl.europa.eu/meps/en/256954
Beata SZYDŁO,beata.szydlo@europarl.europa.eu,POL,ECR,org/6702,197553,https://www.europarl.europa.eu/meps/en/197553
Mohammed CHAHIM,mohammed.chahim@europarl.europa.eu,NLD,S&D,org/7952,197782,https://www.europarl.europa.eu/meps/en/197782
Dario TAMBURRANO,dario.tamburrano@europarl.europa.eu,ITA,The Left,org/6674,124813,https://www.europarl.europa.eu/meps/en/124813
Anouk VAN BRUG,anouk.vanbrug@europarl.europa.eu,NLD,Renew,org/6691,257438,https://www.europarl.europa.eu/meps/en/257438
Merja KYLLÖNEN,merja.kyllonen@europarl.europa.eu,FIN,The Left,org/6795,124736,https://www.europarl.europa.eu/meps/en/124736
Sophie WILMÈS,sophie.wilmes@europarl.europa.eu,BEL,Renew,org/6756,220801,https://www.europarl.europa.eu/meps/en/220801
Marianne VIND,marianne.vind@europarl.europa.eu,DNK,S&D,org/6777,199941,https://www.europarl.europa.eu/meps/en/199941
Tomasz FROELICH,tomasz.froelich@europarl.europa.eu,DEU,ESN,org/6802,190574,https://www.europarl.europa.eu/meps/en/190574
Anna STROLENBERG,anna.strolenberg@europarl.europa.eu,NLD,Greens/EFA,org/6638,256990,https://www.europarl.europa.eu/meps/en/256990
Dan BARNA,dan.barna@europarl.europa.eu,ROU,Renew,org/6872,257110,https://www.europarl.europa.eu/meps/en/257110
Alessandra MORETTI,alessandra.moretti@europarl.europa.eu,ITA,S&D,org/6675,124799,https://www.europarl.europa.eu/meps/en/124799
Sirpa PIETIKÄINEN,sirpa.pietikainen@europarl.europa.eu,FIN,EPP,org/6726,40599,https://www.europarl.europa.eu/meps/en/40599
Damien CARÊME,damien.careme@europarl.europa.eu,FRA,The Left,org/6878,197574,https://www.europarl.europa.eu/meps/en/197574
Adrian-George AXINIA,adrian-george.axinia@europarl.europa.eu,ROU,ECR,org/6915,257117,https://www.europarl.europa.eu/meps/en/257117
Francisco ASSIS,francisco.assis@europarl.europa.eu,PRT,S&D,org/6706,28307,https://www.europarl.europa.eu/meps/en/28307
Johan VAN OVERTVELDT,johan.vanovertveldt@europarl.europa.eu,BEL,ECR,org/6754,125106,https://www.europarl.europa.eu/meps/en/125106
Joanna SCHEURING-WIELGUS,joanna.scheuring-wielgus@europarl.europa.eu,POL,S&D,org/6899,257084,https://www.europarl.europa.eu/meps/en/257084
